{
		"textures": {"0": "block/crimson_planks"
	},
	"elements": [{
			"name": "leg",
			"from": [14, 1, 0],
			"to": [16, 13, 2],
			"rotation": {"angle": 0, "axis": "y", "origin": [15, 6.5, 1]},
			"faces": {
				"north": {"uv": [0, 3, 2, 15], "texture": "#0"},
				"east": {"uv": [14, 3, 16, 15], "texture": "#0"},
				"south": {"uv": [12, 3, 14, 15], "texture": "#0"},
				"west": {"uv": [2, 3, 4, 15], "texture": "#0"}
			}},
		{
			"name": "leg",
			"from": [13.5, 0, 0],
			"to": [16, 1, 2.5],
			"rotation": {"angle": 0, "axis": "y", "origin": [15, -5.5, 1]},
			"faces": {
				"north": {"uv": [0, 3, 2.5, 4], "texture": "#0"},
				"east": {"uv": [13.5, 3, 16, 4], "texture": "#0"},
				"south": {"uv": [10.5, 3, 13, 4], "texture": "#0"},
				"west": {"uv": [3, 3, 5.5, 4], "texture": "#0"},
				"up": {"uv": [3.5, 8, 6, 10.5], "texture": "#0"},
				"down": {"uv": [13.5, 8.5, 16, 11], "texture": "#0"}
			}},
		{
			"name": "leg",
			"from": [0, 0, 0],
			"to": [2.5, 1, 2.5],
			"rotation": {"angle": 0, "axis": "y", "origin": [1.25, 0.5, 1.25]},
			"faces": {
				"north": {"uv": [13.5, 3, 16, 4], "texture": "#0"},
				"east": {"uv": [10.5, 3, 13, 4], "texture": "#0"},
				"south": {"uv": [3, 3, 5.5, 4], "texture": "#0"},
				"west": {"uv": [0, 3, 2.5, 4], "texture": "#0"},
				"up": {"uv": [3.5, 4, 6, 6.5], "rotation": 270, "texture": "#0"},
				"down": {"uv": [13.5, 8.5, 16, 11], "rotation": 90, "texture": "#0"}
			}},
		{
			"name": "leg",
			"from": [0, 1, 0],
			"to": [2, 13, 2],
			"rotation": {"angle": 0, "axis": "y", "origin": [1, 6.5, 1]},
			"faces": {
				"north": {"uv": [14, 3, 16, 15], "texture": "#0"},
				"east": {"uv": [12, 3, 14, 15], "texture": "#0"},
				"south": {"uv": [2, 3, 4, 15], "texture": "#0"},
				"west": {"uv": [0, 3, 2, 15], "texture": "#0"}
			}},
		{
			"name": "Surface",
			"from": [0, 13, 0],
			"to": [16, 16, 16],
			"rotation": {"angle": 0, "axis": "y", "origin": [8, 21, 8]},
			"faces": {
				"north": {"uv": [0, 0, 16, 3], "texture": "#0"},
				"east": {"uv": [0, 0, 16, 3], "texture": "#0"},
				"south": {"uv": [0, 0, 16, 3], "texture": "#0"},
				"west": {"uv": [0, 0, 16, 3], "texture": "#0"}
			}},
		{
			"name": "Surface Inside",
			"from": [1, 13, 15],
			"to": [15, 16, 1],
			"rotation": {"angle": 0, "axis": "y", "origin": [8, 21, 10]},
			"faces": {
				"north": {"uv": [1, 0, 15, 3], "texture": "#0"},
				"east": {"uv": [1, 0, 15, 3], "texture": "#0"},
				"south": {"uv": [1, 0, 15, 3], "texture": "#0"},
				"west": {"uv": [1, 0, 15, 3], "texture": "#0"}
			}},
		{
			"name": "Bar1",
			"from": [0, 12, 2],
			"to": [1, 13, 16],
			"rotation": {"angle": 0, "axis": "y", "origin": [7, 10.75, 8]},
			"faces": {
				"east": {"uv": [0, 3, 14, 4], "texture": "#0"},
				"south": {"uv": [0, 3, 1, 4], "texture": "#0"},
				"west": {"uv": [2, 3, 16, 4], "texture": "#0"},
				"down": {"uv": [2, 7, 16, 8], "rotation": 270, "texture": "#0"}
			}},
		{
			"name": "Bar1",
			"from": [2, 12, 0],
			"to": [14, 13, 1],
			"rotation": {"angle": 0, "axis": "y", "origin": [8, 12.5, 8]},
			"faces": {
				"north": {"uv": [2, 3, 14, 4], "texture": "#0"},
				"south": {"uv": [2, 3, 14, 4], "texture": "#0"},
				"down": {"uv": [2, 7, 14, 8], "texture": "#0"}
			}},
		{
			"name": "Bar1",
			"from": [15, 12, 2],
			"to": [16, 13, 16],
			"rotation": {"angle": 0, "axis": "y", "origin": [22, 10.75, 8]},
			"faces": {
				"east": {"uv": [0, 3, 14, 4], "texture": "#0"},
				"south": {"uv": [15, 3, 16, 4], "texture": "#0"},
				"west": {"uv": [2, 3, 16, 4], "texture": "#0"},
				"down": {"uv": [2, 7, 16, 8], "rotation": 270, "texture": "#0"}
			}},
		{
			"name": "Bar2",
			"from": [2, 10, 0],
			"to": [14, 11, 1],
			"rotation": {"angle": 0, "axis": "y", "origin": [8, 10.5, 8]},
			"faces": {
				"north": {"uv": [2, 5, 14, 6], "texture": "#0"},
				"south": {"uv": [2, 5, 14, 6], "texture": "#0"},
				"up": {"uv": [2, 5, 14, 6], "texture": "#0"},
				"down": {"uv": [2, 5, 14, 6], "texture": "#0"}
			}},
		{
			"name": "Bar2",
			"from": [15, 10, 2],
			"to": [16, 11, 16],
			"rotation": {"angle": 0, "axis": "y", "origin": [22, 8.75, 8]},
			"faces": {
				"east": {"uv": [0, 5, 14, 6], "texture": "#0"},
				"south": {"uv": [15, 5, 16, 6], "texture": "#0"},
				"west": {"uv": [2, 5, 16, 6], "texture": "#0"},
				"up": {"uv": [1, 5, 15, 6], "rotation": 90, "texture": "#0"},
				"down": {"uv": [2, 5, 16, 6], "rotation": 90, "texture": "#0"}
			}},
		{
			"name": "Bar2",
			"from": [0, 10, 2],
			"to": [1, 11, 16],
			"rotation": {"angle": 0, "axis": "y", "origin": [7, 8.75, 8]},
			"faces": {
				"east": {"uv": [0, 5, 14, 6], "texture": "#0"},
				"south": {"uv": [0, 5, 1, 6], "texture": "#0"},
				"west": {"uv": [2, 5, 16, 6], "texture": "#0"},
				"up": {"uv": [2, 5, 16, 6], "rotation": 90, "texture": "#0"},
				"down": {"uv": [1, 5, 15, 6], "rotation": 90, "texture": "#0"}
			}},
		{
			"name": "Bar3",
			"from": [2, 8, 0],
			"to": [14, 9, 1],
			"rotation": {"angle": 0, "axis": "y", "origin": [8, 8.5, 8]},
			"faces": {
				"north": {"uv": [2, 7, 14, 8], "texture": "#0"},
				"south": {"uv": [2, 3, 14, 4], "texture": "#0"},
				"up": {"uv": [2, 7, 14, 8], "texture": "#0"},
				"down": {"uv": [2, 7, 14, 8], "texture": "#0"}
			}},
		{
			"name": "Bar3",
			"from": [15, 8, 2],
			"to": [16, 9, 16],
			"rotation": {"angle": 0, "axis": "y", "origin": [22, 6.75, 8]},
			"faces": {
				"east": {"uv": [0, 7, 14, 8], "texture": "#0"},
				"south": {"uv": [15, 7, 16, 8], "texture": "#0"},
				"west": {"uv": [2, 3, 16, 4], "texture": "#0"},
				"up": {"uv": [2, 7, 16, 8], "rotation": 90, "texture": "#0"},
				"down": {"uv": [2, 7, 16, 8], "rotation": 270, "texture": "#0"}
			}},
		{
			"name": "Bar3",
			"from": [0, 8, 2],
			"to": [1, 9, 16],
			"rotation": {"angle": 0, "axis": "y", "origin": [7, 6.75, 8]},
			"faces": {
				"east": {"uv": [0, 3, 14, 4], "texture": "#0"},
				"south": {"uv": [0, 7, 1, 8], "texture": "#0"},
				"west": {"uv": [2, 7, 16, 8], "texture": "#0"},
				"up": {"uv": [2, 7, 16, 8], "rotation": 90, "texture": "#0"},
				"down": {"uv": [2, 7, 16, 8], "rotation": 270, "texture": "#0"}
			}},
		{
			"name": "Bar4",
			"from": [0, 6, 2],
			"to": [1, 7, 16],
			"rotation": {"angle": 0, "axis": "y", "origin": [7, 4.75, 8]},
			"faces": {
				"east": {"uv": [0, 9, 14, 10], "texture": "#0"},
				"south": {"uv": [0, 9, 1, 10], "texture": "#0"},
				"west": {"uv": [2, 9, 16, 10], "texture": "#0"},
				"up": {"uv": [2, 9, 16, 10], "rotation": 90, "texture": "#0"},
				"down": {"uv": [1, 9, 15, 10], "rotation": 90, "texture": "#0"}
			}},
		{
			"name": "Bar4",
			"from": [2, 6, 0],
			"to": [14, 7, 1],
			"rotation": {"angle": 0, "axis": "y", "origin": [8, 4.75, 7]},
			"faces": {
				"north": {"uv": [2, 9, 14, 10], "texture": "#0"},
				"south": {"uv": [2, 9, 14, 10], "texture": "#0"},
				"up": {"uv": [3, 9, 15, 10], "rotation": 180, "texture": "#0"},
				"down": {"uv": [2, 9, 14, 10], "texture": "#0"}
			}},
		{
			"name": "Bar4",
			"from": [15, 6, 2],
			"to": [16, 7, 16],
			"rotation": {"angle": 0, "axis": "y", "origin": [22, 4.75, 8]},
			"faces": {
				"east": {"uv": [0, 9, 14, 10], "texture": "#0"},
				"south": {"uv": [15, 9, 16, 10], "texture": "#0"},
				"west": {"uv": [2, 9, 16, 10], "texture": "#0"},
				"up": {"uv": [2, 9, 16, 10], "rotation": 90, "texture": "#0"},
				"down": {"uv": [2, 9, 16, 10], "rotation": 90, "texture": "#0"}
			}},
		{
			"name": "Bar5",
			"from": [2, 4, 0],
			"to": [14, 5, 1],
			"rotation": {"angle": 0, "axis": "y", "origin": [8, 4.5, 8]},
			"faces": {
				"north": {"uv": [2, 11, 14, 12], "texture": "#0"},
				"south": {"uv": [2, 11, 14, 12], "texture": "#0"},
				"up": {"uv": [2, 11, 14, 12], "rotation": 180, "texture": "#0"},
				"down": {"uv": [1, 11, 13, 12], "texture": "#0"}
			}},
		{
			"name": "Bar5",
			"from": [15, 4, 2],
			"to": [16, 5, 16],
			"rotation": {"angle": 0, "axis": "y", "origin": [8, 4.5, 8]},
			"faces": {
				"east": {"uv": [2, 11, 16, 12], "texture": "#0"},
				"south": {"uv": [15, 11, 16, 12], "texture": "#0"},
				"west": {"uv": [2, 11, 16, 12], "texture": "#0"},
				"up": {"uv": [0, 11, 14, 12], "rotation": 270, "texture": "#0"},
				"down": {"uv": [1, 11, 15, 12], "rotation": 270, "texture": "#0"}
			}},
		{
			"name": "Bar5",
			"from": [0, 4, 2],
			"to": [1, 5, 16],
			"rotation": {"angle": 0, "axis": "y", "origin": [8, 4.5, 8]},
			"faces": {
				"east": {"uv": [0, 11, 14, 12], "texture": "#0"},
				"south": {"uv": [0, 11, 1, 12], "texture": "#0"},
				"west": {"uv": [2, 11, 16, 12], "texture": "#0"},
				"up": {"uv": [2, 11, 16, 12], "rotation": 270, "texture": "#0"},
				"down": {"uv": [1, 11, 15, 12], "rotation": 270, "texture": "#0"}
			}}
	],
	"display": {
		"thirdperson_righthand": {
			"rotation": [45, 0, 0],
			"translation": [0, 1, 0],
			"scale": [0.35, 0.35, 0.35]
		},
		"thirdperson_lefthand": {
			"rotation": [45, 0, 0],
			"translation": [0, 1, 0],
			"scale": [0.35, 0.35, 0.35]
		},
		"firstperson_righthand": {
			"rotation": [-10, 15, 0],
			"translation": [1, 0, 0],
			"scale": [0.4, 0.4, 0.4]
		},
		"firstperson_lefthand": {
			"rotation": [-10, 15, 0],
			"translation": [1, 0, 0],
			"scale": [0.4, 0.4, 0.4]
		},
		"ground": {
			"translation": [0, 1, 0],
			"scale": [0.3, 0.3, 0.3]
		},
		"gui": {
			"rotation": [35, -135, 0],
			"translation": [0, -1, 0],
			"scale": [0.5, 0.5, 0.5]
		},
		"head": {
			"translation": [0, -32.9, 0],
			"scale": [2.289, 2.289, 2.289]
		},
		"fixed": {
			"scale": [0.8, 0.8, 0.8]
		}
	}
}