{
		"textures": {"0": "block/birch_planks"
	},
	"elements": [{
			"name": "leg",
			"from": [6, 9, 6],
			"to": [10, 13, 10],
			"rotation": {"angle": 0, "axis": "y", "origin": [1.75, 19.25, 1.75]},
			"faces": {
				"north": {"uv": [0, 3, 4, 7], "texture": "#0"},
				"east": {"uv": [12, 3, 16, 7], "texture": "#0"},
				"south": {"uv": [8, 3, 12, 7], "texture": "#0"},
				"west": {"uv": [4, 3, 8, 7], "texture": "#0"},
				"down": {"uv": [7, 4, 11, 8], "texture": "#0"}
			}},
		{
			"name": "leg",
			"from": [6.5, 1, 6.5],
			"to": [9.5, 10, 9.5],
			"rotation": {"angle": 0, "axis": "y", "origin": [1.75, 7.25, 1.75]},
			"faces": {
				"north": {"uv": [0, 6, 3, 15], "texture": "#0"},
				"east": {"uv": [9, 6, 12, 15], "texture": "#0"},
				"south": {"uv": [6, 6, 9, 15], "texture": "#0"},
				"west": {"uv": [3, 6, 6, 15], "texture": "#0"}
			}},
		{
			"name": "leg",
			"from": [6, 0, 6],
			"to": [10, 1, 10],
			"rotation": {"angle": 0, "axis": "y", "origin": [1.75, 8.25, 1.75]},
			"faces": {
				"north": {"uv": [0, 15, 4, 16], "texture": "#0"},
				"east": {"uv": [12, 15, 16, 16], "texture": "#0"},
				"south": {"uv": [8, 15, 12, 16], "texture": "#0"},
				"west": {"uv": [4, 15, 8, 16], "texture": "#0"},
				"up": {"uv": [7, 4, 11, 8], "rotation": 180, "texture": "#0"},
				"down": {"uv": [13, 12, 17, 16], "texture": "#0"}
			}},
		{
			"name": "Beam",
			"from": [3, 12, 0],
			"to": [13, 13, 2],
			"rotation": {"angle": 0, "axis": "y", "origin": [6.75, 10.25, -4.75]},
			"faces": {
				"north": {"uv": [3, 3, 13, 4], "texture": "#0"},
				"east": {"uv": [7, 5, 9, 6], "texture": "#0"},
				"south": {"uv": [3, 3, 13, 4], "texture": "#0"},
				"west": {"uv": [13, 5, 15, 6], "texture": "#0"},
				"down": {"uv": [3, 4, 13, 6], "texture": "#0"}
			}},
		{
			"name": "Beam",
			"from": [3, 12, 14],
			"to": [13, 13, 16],
			"rotation": {"angle": 0, "axis": "y", "origin": [8, 11.3, 15]},
			"faces": {
				"north": {"uv": [3, 3, 13, 4], "texture": "#0"},
				"east": {"uv": [7, 5, 9, 6], "texture": "#0"},
				"south": {"uv": [3, 3, 13, 4], "texture": "#0"},
				"west": {"uv": [13, 5, 15, 6], "texture": "#0"},
				"down": {"uv": [3, 3, 13, 5], "texture": "#0"}
			}},
		{
			"name": "Beam",
			"from": [0, 12, 3],
			"to": [2, 13, 13],
			"rotation": {"angle": 0, "axis": "y", "origin": [1, 11.3, 8]},
			"faces": {
				"north": {"uv": [13, 5, 15, 6], "texture": "#0"},
				"east": {"uv": [3, 3, 13, 4], "texture": "#0"},
				"south": {"uv": [7, 5, 9, 6], "texture": "#0"},
				"west": {"uv": [3, 3, 13, 4], "texture": "#0"},
				"down": {"uv": [3, 3, 13, 5], "rotation": 270, "texture": "#0"}
			}},
		{
			"name": "Beam",
			"from": [14, 12, 3],
			"to": [16, 13, 13],
			"rotation": {"angle": 0, "axis": "y", "origin": [15, 11.3, 8]},
			"faces": {
				"north": {"uv": [7, 5, 9, 6], "texture": "#0"},
				"east": {"uv": [3, 3, 13, 4], "texture": "#0"},
				"south": {"uv": [13, 5, 15, 6], "texture": "#0"},
				"west": {"uv": [3, 3, 13, 4], "texture": "#0"},
				"down": {"uv": [3, 3, 13, 5], "rotation": 90, "texture": "#0"}
			}},
		{
			"name": "Corner",
			"from": [0, 11, 0],
			"to": [3, 13, 3],
			"rotation": {"angle": 0, "axis": "y", "origin": [1, 11.3, 5]},
			"faces": {
				"north": {"uv": [13, 3, 16, 5], "texture": "#0"},
				"east": {"uv": [10, 3, 13, 5], "texture": "#0"},
				"south": {"uv": [3, 3, 6, 5], "texture": "#0"},
				"west": {"uv": [0, 3, 3, 5], "texture": "#0"},
				"down": {"uv": [12, 4, 15, 7], "rotation": 270, "texture": "#0"}
			}},
		{
			"name": "Corner",
			"from": [0, 11, 13],
			"to": [3, 13, 16],
			"rotation": {"angle": 0, "axis": "y", "origin": [1.5, 12, 14.5]},
			"faces": {
				"north": {"uv": [10, 3, 13, 5], "texture": "#0"},
				"east": {"uv": [3, 3, 6, 5], "texture": "#0"},
				"south": {"uv": [0, 3, 3, 5], "texture": "#0"},
				"west": {"uv": [13, 3, 16, 5], "texture": "#0"},
				"down": {"uv": [12, 4, 15, 7], "texture": "#0"}
			}},
		{
			"name": "Corner",
			"from": [13, 11, 13],
			"to": [16, 13, 16],
			"rotation": {"angle": 0, "axis": "y", "origin": [14.5, 12, 14.5]},
			"faces": {
				"north": {"uv": [3, 3, 6, 5], "texture": "#0"},
				"east": {"uv": [0, 3, 3, 5], "texture": "#0"},
				"south": {"uv": [13, 3, 16, 5], "texture": "#0"},
				"west": {"uv": [10, 3, 13, 5], "texture": "#0"},
				"down": {"uv": [12, 4, 15, 7], "rotation": 90, "texture": "#0"}
			}},
		{
			"name": "Corner",
			"from": [13, 11, 0],
			"to": [16, 13, 3],
			"rotation": {"angle": 0, "axis": "y", "origin": [14.5, 12, 1.5]},
			"faces": {
				"north": {"uv": [0, 3, 3, 5], "texture": "#0"},
				"east": {"uv": [13, 3, 16, 5], "texture": "#0"},
				"south": {"uv": [10, 3, 13, 5], "texture": "#0"},
				"west": {"uv": [3, 3, 6, 5], "texture": "#0"},
				"down": {"uv": [12, 4, 15, 7], "rotation": 180, "texture": "#0"}
			}},
		{
			"name": "Beam",
			"from": [4, 10, 7],
			"to": [6, 11, 9],
			"rotation": {"angle": 0, "axis": "y", "origin": [4, 11, 8]},
			"faces": {
				"north": {"uv": [4, 4, 5, 6], "rotation": 90, "texture": "#0"},
				"east": {"uv": [4, 5, 6, 6], "texture": "#0"},
				"south": {"uv": [7, 4, 8, 6], "rotation": 270, "texture": "#0"},
				"west": {"uv": [4, 4, 6, 5], "texture": "#0"},
				"up": {"uv": [8, 8, 10, 10], "rotation": 270, "texture": "#0"},
				"down": {"uv": [5, 4, 7, 6], "rotation": 270, "texture": "#0"}
			}},
		{
			"name": "Beam",
			"from": [2, 11, 7],
			"to": [4, 12, 9],
			"rotation": {"angle": 0, "axis": "y", "origin": [4, 11, 8]},
			"faces": {
				"north": {"uv": [4, 3, 5, 5], "rotation": 90, "texture": "#0"},
				"east": {"uv": [13, 5, 15, 6], "texture": "#0"},
				"south": {"uv": [7, 3, 8, 5], "rotation": 270, "texture": "#0"},
				"west": {"uv": [5, 3, 7, 4], "texture": "#0"},
				"down": {"uv": [5, 3, 7, 5], "rotation": 270, "texture": "#0"}
			}},
		{
			"name": "Beam",
			"from": [7, 11, 12],
			"to": [9, 12, 14],
			"rotation": {"angle": 0, "axis": "y", "origin": [8, 11, 12]},
			"faces": {
				"north": {"uv": [13, 5, 15, 6], "texture": "#0"},
				"east": {"uv": [11, 3, 12, 5], "rotation": 270, "texture": "#0"},
				"south": {"uv": [9, 3, 11, 4], "texture": "#0"},
				"west": {"uv": [8, 3, 9, 5], "rotation": 90, "texture": "#0"},
				"down": {"uv": [9, 3, 11, 5], "texture": "#0"}
			}},
		{
			"name": "Beam",
			"from": [7, 10, 10],
			"to": [9, 11, 12],
			"rotation": {"angle": 0, "axis": "y", "origin": [8, 11, 12]},
			"faces": {
				"north": {"uv": [4, 5, 6, 6], "texture": "#0"},
				"east": {"uv": [11, 4, 12, 6], "rotation": 270, "texture": "#0"},
				"south": {"uv": [8, 4, 10, 5], "texture": "#0"},
				"west": {"uv": [8, 4, 9, 6], "rotation": 90, "texture": "#0"},
				"up": {"uv": [8, 8, 10, 10], "rotation": 180, "texture": "#0"},
				"down": {"uv": [9, 4, 11, 6], "texture": "#0"}
			}},
		{
			"name": "Beam",
			"from": [7, 11, 2],
			"to": [9, 12, 4],
			"rotation": {"angle": 0, "axis": "y", "origin": [8, 11, 4]},
			"faces": {
				"north": {"uv": [1, 3, 3, 4], "texture": "#0"},
				"east": {"uv": [0, 3, 1, 5], "rotation": 90, "texture": "#0"},
				"south": {"uv": [13, 5, 15, 6], "texture": "#0"},
				"west": {"uv": [3, 3, 4, 5], "rotation": 270, "texture": "#0"},
				"down": {"uv": [1, 3, 3, 5], "rotation": 180, "texture": "#0"}
			}},
		{
			"name": "Beam",
			"from": [7, 10, 4],
			"to": [9, 11, 6],
			"rotation": {"angle": 0, "axis": "y", "origin": [8, 11, 4]},
			"faces": {
				"north": {"uv": [1, 4, 3, 5], "texture": "#0"},
				"east": {"uv": [0, 4, 1, 6], "rotation": 90, "texture": "#0"},
				"south": {"uv": [4, 5, 6, 6], "texture": "#0"},
				"west": {"uv": [3, 4, 4, 6], "rotation": 270, "texture": "#0"},
				"up": {"uv": [8, 8, 10, 10], "texture": "#0"},
				"down": {"uv": [1, 4, 3, 6], "rotation": 180, "texture": "#0"}
			}},
		{
			"name": "Beam",
			"from": [12, 11, 7],
			"to": [14, 12, 9],
			"rotation": {"angle": 0, "axis": "y", "origin": [12, 11, 8]},
			"faces": {
				"north": {"uv": [15, 3, 16, 5], "rotation": 270, "texture": "#0"},
				"east": {"uv": [13, 3, 15, 4], "texture": "#0"},
				"south": {"uv": [12, 3, 13, 5], "rotation": 90, "texture": "#0"},
				"west": {"uv": [13, 5, 15, 6], "texture": "#0"},
				"down": {"uv": [13, 3, 15, 5], "rotation": 90, "texture": "#0"}
			}},
		{
			"name": "Beam",
			"from": [10, 10, 7],
			"to": [12, 11, 9],
			"rotation": {"angle": 0, "axis": "y", "origin": [12, 11, 8]},
			"faces": {
				"north": {"uv": [12, 4, 13, 6], "rotation": 270, "texture": "#0"},
				"east": {"uv": [13, 4, 15, 5], "texture": "#0"},
				"south": {"uv": [15, 4, 16, 6], "rotation": 90, "texture": "#0"},
				"west": {"uv": [4, 5, 6, 6], "texture": "#0"},
				"up": {"uv": [8, 8, 10, 10], "rotation": 90, "texture": "#0"},
				"down": {"uv": [13, 4, 15, 6], "rotation": 90, "texture": "#0"}
			}}
	],
	"display": {
		"thirdperson_righthand": {
			"rotation": [45, 0, 0],
			"translation": [0, 1, 0],
			"scale": [0.35, 0.35, 0.35]
		},
		"thirdperson_lefthand": {
			"rotation": [45, 0, 0],
			"translation": [0, 1, 0],
			"scale": [0.35, 0.35, 0.35]
		},
		"firstperson_righthand": {
			"rotation": [-10, 15, 0],
			"translation": [1, 0, 0],
			"scale": [0.4, 0.4, 0.4]
		},
		"firstperson_lefthand": {
			"rotation": [-10, 15, 0],
			"translation": [1, 0, 0],
			"scale": [0.4, 0.4, 0.4]
		},
		"ground": {
			"translation": [0, 1, 0],
			"scale": [0.3, 0.3, 0.3]
		},
		"gui": {
			"rotation": [35, -135, 0],
			"translation": [0, -1, 0],
			"scale": [0.5, 0.5, 0.5]
		},
		"head": {
			"translation": [0, -31.5, 0],
			"scale": [2.29, 2.5, 2.29]
		},
		"fixed": {
			"scale": [0.8, 0.8, 0.8]
		}
	}
}