{
		"textures": {"0": "block/warped_planks",
		"1": "block/warped_roots",
		"particle": "block/warped_roots"
	},
	"elements": [{
			"name": "Under", "from": [0, 11, 1], "to": [16, 13, 2], "rotation": {"angle": 0, "axis": "y", "origin": [9, 12, 1.5]}, "faces": {
				"north": {"uv": [0, 3, 16, 5], "texture": "#0"},
				"east": {"uv": [1, 3, 2, 5], "texture": "#0"},
				"south": {"uv": [0, 3, 16, 5], "texture": "#0"},
				"west": {"uv": [15, 3, 16, 5], "texture": "#0"},
				"down": {"uv": [0, 5, 16, 6], "rotation": 180, "texture": "#0"}
			}},
		{
			"name": "Under", "from": [0, 11, 14], "to": [16, 13, 15], "rotation": {"angle": 0, "axis": "y", "origin": [9, 12, 14.5]}, "faces": {
				"north": {"uv": [0, 3, 16, 5], "texture": "#0"},
				"east": {"uv": [1, 3, 2, 5], "texture": "#0"},
				"south": {"uv": [0, 3, 16, 5], "texture": "#0"},
				"west": {"uv": [15, 3, 16, 5], "texture": "#0"},
				"down": {"uv": [0, 5, 16, 6], "rotation": 180, "texture": "#0"}
			}},
		{
			"name": "Brush Corner", "from": [0, 9, 0], "to": [1, 13, 1], "rotation": {"angle": 0, "axis": "y", "origin": [0.5, 11, 8]}, "faces": {
				"north": {"uv": [12, 9, 13, 13], "texture": "#1"},
				"west": {"uv": [3, 9, 4, 13], "rotation": 180, "texture": "#1"}
			}},
		{
			"name": "Brush Corner", "from": [15, 9, 15], "to": [16, 13, 16], "rotation": {"angle": 0, "axis": "y", "origin": [15.5, 11, 8]}, "faces": {
				"east": {"uv": [3, 9, 4, 13], "rotation": 180, "texture": "#1"},
				"south": {"uv": [12, 9, 13, 13], "texture": "#1"}
			}},
		{
			"name": "Brush Corner", "from": [0, 9, 15], "to": [1, 13, 16], "rotation": {"angle": 0, "axis": "y", "origin": [0.5, 11, 8]}, "faces": {
				"south": {"uv": [3, 9, 4, 13], "rotation": 180, "texture": "#1"},
				"west": {"uv": [12, 9, 13, 13], "texture": "#1"}
			}},
		{
			"name": "Brush Corner", "from": [15, 9, 0], "to": [16, 13, 1], "rotation": {"angle": 0, "axis": "y", "origin": [15.5, 11, 8]}, "faces": {
				"north": {"uv": [3, 9, 4, 13], "rotation": 180, "texture": "#1"},
				"east": {"uv": [12, 9, 13, 13], "texture": "#1"}
			}},
		{
			"name": "Brush Long Side", "from": [1, 9, 15], "to": [15, 13, 16], "rotation": {"angle": 0, "axis": "y", "origin": [7, 11, 7.5]}, "faces": {
				"north": {"uv": [1, 9, 15, 13], "rotation": 180, "texture": "#1"},
				"south": {"uv": [1, 9, 15, 13], "rotation": 180, "texture": "#1"}
			}},
		{
			"name": "Brush Long Side", "from": [1, 9, 0], "to": [15, 13, 1], "rotation": {"angle": 0, "axis": "y", "origin": [7, 11, -7.5]}, "faces": {
				"north": {"uv": [1, 9, 15, 13], "rotation": 180, "texture": "#1"},
				"south": {"uv": [1, 9, 15, 13], "rotation": 180, "texture": "#1"}
			}},
		{
			"name": "Brush Long Side", "from": [15, 9, 2], "to": [16, 13, 14], "rotation": {"angle": 0, "axis": "y", "origin": [15.5, 11, 8]}, "faces": {
				"east": {"uv": [2, 9, 14, 13], "rotation": 180, "texture": "#1"},
				"west": {"uv": [2, 9, 14, 13], "rotation": 180, "texture": "#1"}
			}},
		{
			"name": "Brush Long Side", "from": [0, 9, 2], "to": [1, 13, 14], "rotation": {"angle": 0, "axis": "y", "origin": [0.5, 11, 8]}, "faces": {
				"east": {"uv": [2, 9, 14, 13], "rotation": 180, "texture": "#1"},
				"west": {"uv": [2, 9, 14, 13], "rotation": 180, "texture": "#1"}
			}}
	],
	"display": {
		"thirdperson_righthand": {
			"rotation": [45, 0, 0], "translation": [0, 1, 0], "scale": [0.35, 0.35, 0.35]
		},
		"thirdperson_lefthand": {
			"rotation": [45, 0, 0], "translation": [0, 1, 0], "scale": [0.35, 0.35, 0.35]
		},
		"firstperson_righthand": {
			"rotation": [-10, 15, 0], "translation": [1, 0, 0], "scale": [0.4, 0.4, 0.4]
		},
		"firstperson_lefthand": {
			"rotation": [-10, 15, 0], "translation": [1, 0, 0], "scale": [0.4, 0.4, 0.4]
		},
		"ground": {
			"translation": [0, 1, 0], "scale": [0.3, 0.3, 0.3]
		},
		"gui": {
			"rotation": [35, -135, 0], "translation": [0, -1, 0], "scale": [0.5, 0.5, 0.5]
		},
		"head": {
			"translation": [0, -32.9, 0], "scale": [2.289, 2.289, 2.289]
		},
		"fixed": {
			"scale": [0.8, 0.8, 0.8]
		}
	}
}