{
		"textures": {"0": "block/dark_oak_planks"
	},
	"elements": [{
			"name": "Surface1", "from": [0, 13, 0], "to": [17, 16, 16], "rotation": {"angle": 0, "axis": "y", "origin": [8, 12, 8]}, "faces": {
				"north": {"uv": [0, 0, 16, 3], "texture": "#0"},
				"east": {"uv": [0, 0, 16, 3], "texture": "#0"},
				"south": {"uv": [0, 0, 16, 3], "texture": "#0"},
				"west": {"uv": [0, 0, 16, 3], "texture": "#0"},
				"up": {"uv": [0, 0, 16, 16], "rotation": 180, "texture": "#0"},
				"down": {"uv": [0, 0, 16, 16], "texture": "#0"}
			}},
		{
			"name": "leg", "from": [6, 9, 6], "to": [10, 13, 10], "rotation": {"angle": 0, "axis": "y", "origin": [7.5, 5.83333, 8.5]}, "faces": {
				"north": {"uv": [0, 3, 4, 7], "texture": "#0"},
				"east": {"uv": [3, 3, 7, 7], "texture": "#0"},
				"south": {"uv": [0, 3, 4, 7], "texture": "#0"},
				"west": {"uv": [12, 3, 16, 7], "texture": "#0"},
				"down": {"uv": [12, 0, 16, 4], "texture": "#0"}
			}},
		{
			"name": "leg", "from": [6.5, 2, 6.5], "to": [9.5, 9, 9.5], "rotation": {"angle": 0, "axis": "y", "origin": [7.5, 5.83333, 8.5]}, "faces": {
				"north": {"uv": [1, 7, 4, 14], "texture": "#0"},
				"east": {"uv": [13, 7, 16, 14], "texture": "#0"},
				"south": {"uv": [9, 7, 12, 14], "texture": "#0"},
				"west": {"uv": [5, 7, 8, 14], "texture": "#0"}
			}},
		{
			"name": "leg", "from": [5, 0, 5], "to": [11, 2, 11], "rotation": {"angle": 0, "axis": "y", "origin": [7.5, 5.83333, 8.5]}, "faces": {
				"north": {"uv": [0, 14, 6, 16], "texture": "#0"},
				"east": {"uv": [10, 14, 16, 16], "texture": "#0"},
				"south": {"uv": [8, 14, 14, 16], "texture": "#0"},
				"west": {"uv": [4, 14, 10, 16], "texture": "#0"},
				"up": {"uv": [5, 4, 11, 10], "texture": "#0"},
				"down": {"uv": [3, 5, 9, 11], "texture": "#0"}
			}},
		{
			"name": "leg", "from": [6, 4, 6], "to": [10, 6, 10], "rotation": {"angle": 0, "axis": "y", "origin": [7.5, 8.83333, 8.5]}, "faces": {
				"north": {"uv": [0, 14, 4, 16], "texture": "#0"},
				"east": {"uv": [12, 14, 16, 16], "texture": "#0"},
				"south": {"uv": [8, 14, 12, 16], "texture": "#0"},
				"west": {"uv": [4, 14, 8, 16], "texture": "#0"},
				"up": {"uv": [2, 4, 6, 8], "texture": "#0"}
			}},
		{
			"name": "Beam", "from": [0, 12, 7], "to": [16, 13, 9], "rotation": {"angle": 0, "axis": "y", "origin": [8, 12.5, 8]}, "faces": {
				"north": {"uv": [0, 7, 16, 8], "texture": "#0"},
				"east": {"uv": [0, 7, 2, 8], "rotation": 180, "texture": "#0"},
				"south": {"uv": [0, 7, 16, 8], "texture": "#0"},
				"west": {"uv": [0, 7, 2, 8], "rotation": 180, "texture": "#0"},
				"down": {"uv": [0, 5, 16, 7], "texture": "#0"}
			}},
		{
			"name": "Beam", "from": [7, 12, 0], "to": [9, 13, 16], "rotation": {"angle": 0, "axis": "y", "origin": [8, 12.5, 8]}, "faces": {
				"north": {"uv": [0, 7, 2, 8], "rotation": 180, "texture": "#0"},
				"east": {"uv": [0, 7, 16, 8], "texture": "#0"},
				"south": {"uv": [0, 7, 2, 8], "rotation": 180, "texture": "#0"},
				"west": {"uv": [0, 7, 16, 8], "texture": "#0"},
				"down": {"uv": [0, 5, 16, 7], "rotation": 270, "texture": "#0"}
			}},
		{
			"name": "leg", "from": [11, 0, 6], "to": [16, 1, 10], "rotation": {"angle": 0, "axis": "y", "origin": [8, 0.5, 8]}, "faces": {
				"north": {"uv": [4, 7, 9, 8], "texture": "#0"},
				"east": {"uv": [0, 7, 4, 8], "texture": "#0"},
				"south": {"uv": [11, 7, 16, 8], "texture": "#0"},
				"up": {"uv": [0, 3, 4, 8], "rotation": 90, "texture": "#0"},
				"down": {"uv": [2, 11, 6, 16], "rotation": 270, "texture": "#0"}
			}},
		{
			"name": "leg", "from": [0, 0, 6], "to": [5, 1, 10], "rotation": {"angle": 0, "axis": "y", "origin": [8, 0.5, 8]}, "faces": {
				"north": {"uv": [6, 3, 11, 4], "texture": "#0"},
				"south": {"uv": [11, 7, 16, 8], "texture": "#0"},
				"west": {"uv": [7, 7, 11, 8], "texture": "#0"},
				"up": {"uv": [12, 11, 16, 16], "rotation": 270, "texture": "#0"},
				"down": {"uv": [12, 11, 16, 16], "rotation": 90, "texture": "#0"}
			}},
		{
			"name": "leg", "from": [6, 0, 0], "to": [10, 1, 5], "rotation": {"angle": 0, "axis": "y", "origin": [8, 0.5, 2.5]}, "faces": {
				"north": {"uv": [5, 7, 9, 8], "texture": "#0"},
				"east": {"uv": [0, 7, 5, 8], "texture": "#0"},
				"west": {"uv": [9, 7, 14, 8], "texture": "#0"},
				"up": {"uv": [5, 3, 9, 8], "texture": "#0"},
				"down": {"uv": [9, 11, 13, 16], "texture": "#0"}
			}},
		{
			"name": "leg", "from": [6, 0, 11], "to": [10, 1, 16], "rotation": {"angle": 0, "axis": "y", "origin": [8, 0.5, 13.5]}, "faces": {
				"east": {"uv": [0, 7, 5, 8], "texture": "#0"},
				"south": {"uv": [12, 7, 16, 8], "texture": "#0"},
				"west": {"uv": [7, 7, 12, 8], "texture": "#0"},
				"up": {"uv": [0, 11, 4, 16], "texture": "#0"},
				"down": {"uv": [5, 11, 9, 16], "rotation": 180, "texture": "#0"}
			}},
		{
			"name": "leg", "from": [11, 1, 7], "to": [16, 2, 9], "rotation": {"angle": 0, "axis": "y", "origin": [8, 1.5, 8]}, "faces": {
				"north": {"uv": [3, 8, 8, 9], "texture": "#0"},
				"east": {"uv": [1, 6, 3, 7], "texture": "#0"},
				"south": {"uv": [11, 4, 16, 5], "texture": "#0"},
				"up": {"uv": [1, 3, 3, 8], "rotation": 90, "texture": "#0"}
			}},
		{
			"name": "leg", "from": [13, 0, 9], "to": [14, 2, 11], "rotation": {"angle": 0, "axis": "y", "origin": [8, 1.5, 9]}, "faces": {
				"east": {"uv": [1, 6, 3, 8], "texture": "#0"},
				"south": {"uv": [11, 2, 12, 4], "texture": "#0"},
				"west": {"uv": [6, 2, 8, 4], "texture": "#0"},
				"up": {"uv": [3, 5, 5, 6], "rotation": 90, "texture": "#0"}
			}},
		{
			"name": "leg", "from": [13, 0, 5], "to": [14, 2, 7], "rotation": {"angle": 0, "axis": "y", "origin": [8, 1.5, 5]}, "faces": {
				"north": {"uv": [3, 6, 4, 8], "texture": "#0"},
				"east": {"uv": [1, 6, 3, 8], "texture": "#0"},
				"west": {"uv": [6, 2, 8, 4], "texture": "#0"},
				"up": {"uv": [0, 5, 2, 6], "rotation": 90, "texture": "#0"}
			}},
		{
			"name": "leg", "from": [7, 1, 11], "to": [9, 2, 16], "rotation": {"angle": 0, "axis": "y", "origin": [8, 1.5, 13.5]}, "faces": {
				"east": {"uv": [0, 8, 5, 9], "texture": "#0"},
				"south": {"uv": [12, 7, 14, 8], "texture": "#0"},
				"west": {"uv": [7, 9, 12, 10], "texture": "#0"},
				"up": {"uv": [1, 11, 3, 16], "texture": "#0"}
			}},
		{
			"name": "leg", "from": [7, 1, 0], "to": [9, 2, 5], "rotation": {"angle": 0, "axis": "y", "origin": [8, 1.5, 2.5]}, "faces": {
				"north": {"uv": [5, 7, 7, 8], "texture": "#0"},
				"east": {"uv": [0, 8, 5, 9], "texture": "#0"},
				"west": {"uv": [9, 9, 14, 10], "texture": "#0"},
				"up": {"uv": [6, 3, 8, 8], "texture": "#0"}
			}},
		{
			"name": "leg", "from": [0, 1, 7], "to": [5, 2, 9], "rotation": {"angle": 0, "axis": "y", "origin": [8, 1.5, 8]}, "faces": {
				"north": {"uv": [6, 1, 11, 2], "texture": "#0"},
				"south": {"uv": [7, 13, 12, 14], "texture": "#0"},
				"west": {"uv": [7, 7, 11, 8], "texture": "#0"},
				"up": {"uv": [13, 11, 15, 16], "rotation": 270, "texture": "#0"}
			}}
	],
	"display": {
		"thirdperson_righthand": {
			"rotation": [45, 0, 0], "translation": [0, 1, 0], "scale": [0.35, 0.35, 0.35]
		},
		"thirdperson_lefthand": {
			"rotation": [45, 0, 0], "translation": [0, 1, 0], "scale": [0.35, 0.35, 0.35]
		},
		"firstperson_righthand": {
			"rotation": [-10, 15, 0], "translation": [1, 0, 0], "scale": [0.4, 0.4, 0.4]
		},
		"firstperson_lefthand": {
			"rotation": [-10, 15, 0], "translation": [1, 0, 0], "scale": [0.4, 0.4, 0.4]
		},
		"ground": {
			"translation": [0, 1, 0], "scale": [0.3, 0.3, 0.3]
		},
		"gui": {
			"rotation": [35, -135, 0], "translation": [0, -1, 0], "scale": [0.5, 0.5, 0.5]
		},
		"head": {
			"translation": [0, -32.9, 0], "scale": [2.289, 2.289, 2.289]
		},
		"fixed": {
			"scale": [0.8, 0.8, 0.8]
		}
	}
}