{
		"textures": {"0": "block/oak_planks"
	},
	"elements": [{
			"name": "Surface1",
			"from": [0, 13, 0],
			"to": [16, 16, 16],
			"rotation": {"angle": 0, "axis": "y", "origin": [8, 9, 8]},
			"faces": {
				"north": {"uv": [0, 3, 16, 6], "texture": "#0"},
				"east": {"uv": [0, 11, 16, 14], "texture": "#0"},
				"south": {"uv": [0, 3, 16, 6], "texture": "#0"},
				"west": {"uv": [0, 7, 16, 10], "texture": "#0"},
				"up": {"uv": [0, 0, 16, 16], "rotation": 180, "texture": "#0"},
				"down": {"uv": [0, 0, 16, 16], "texture": "#0"}
			}},
		{
			"name": "leg",
			"from": [13, 0, 13],
			"to": [16, 13, 16],
			"rotation": {"angle": 0, "axis": "y", "origin": [8.25, 8.25, 8.25]},
			"faces": {
				"north": {"uv": [5, 3, 8, 16], "texture": "#0"},
				"east": {"uv": [3, 3, 6, 16], "texture": "#0"},
				"south": {"uv": [0, 3, 3, 16], "texture": "#0"},
				"west": {"uv": [8, 3, 11, 16], "texture": "#0"},
				"down": {"uv": [0, 4, 3, 7], "texture": "#0"}
			}},
		{
			"name": "leg",
			"from": [0, 0, 0],
			"to": [3, 13, 3],
			"rotation": {"angle": 0, "axis": "y", "origin": [-4.75, 8.25, -4.75]},
			"faces": {
				"north": {"uv": [5, 3, 8, 16], "texture": "#0"},
				"east": {"uv": [3, 3, 6, 16], "texture": "#0"},
				"south": {"uv": [0, 3, 3, 16], "texture": "#0"},
				"west": {"uv": [8, 3, 11, 16], "texture": "#0"},
				"down": {"uv": [0, 4, 3, 7], "texture": "#0"}
			}},
		{
			"name": "leg",
			"from": [0, 0, 13],
			"to": [3, 13, 16],
			"rotation": {"angle": 0, "axis": "y", "origin": [-4.75, 8.25, 8.25]},
			"faces": {
				"north": {"uv": [10, 3, 13, 16], "texture": "#0"},
				"east": {"uv": [7, 3, 10, 16], "texture": "#0"},
				"south": {"uv": [4, 3, 7, 16], "texture": "#0"},
				"west": {"uv": [13, 3, 16, 16], "texture": "#0"},
				"down": {"uv": [0, 4, 3, 7], "texture": "#0"}
			}},
		{
			"name": "leg",
			"from": [13, 0, 0],
			"to": [16, 13, 3],
			"rotation": {"angle": 0, "axis": "y", "origin": [8.25, 8.25, -4.75]},
			"faces": {
				"north": {"uv": [10, 3, 13, 16], "texture": "#0"},
				"east": {"uv": [7, 3, 10, 16], "texture": "#0"},
				"south": {"uv": [4, 3, 7, 16], "texture": "#0"},
				"west": {"uv": [13, 3, 16, 16], "texture": "#0"},
				"down": {"uv": [0, 4, 3, 7], "texture": "#0"}
			}}
	],
	"display": {
		"thirdperson_righthand": {
			"rotation": [45, 0, 0],
			"translation": [0, 1, 0],
			"scale": [0.35, 0.35, 0.35]
		},
		"thirdperson_lefthand": {
			"rotation": [45, 0, 0],
			"translation": [0, 1, 0],
			"scale": [0.35, 0.35, 0.35]
		},
		"firstperson_righthand": {
			"rotation": [-10, 15, 0],
			"translation": [1, 0, 0],
			"scale": [0.4, 0.4, 0.4]
		},
		"firstperson_lefthand": {
			"rotation": [-10, 15, 0],
			"translation": [1, 0, 0],
			"scale": [0.4, 0.4, 0.4]
		},
		"ground": {
			"translation": [0, 1, 0],
			"scale": [0.3, 0.3, 0.3]
		},
		"gui": {
			"rotation": [35, -135, 0],
			"translation": [0, -1, 0],
			"scale": [0.5, 0.5, 0.5]
		},
		"head": {
			"translation": [0, -32.9, 0],
			"scale": [2.289, 2.289, 2.289]
		},
		"fixed": {
			"scale": [0.8, 0.8, 0.8]
		}
	}
}