{
		"textures": {"0": "block/birch_planks"
	},
	"elements": [{
			"name": "leg",
			"from": [6, 9, 0],
			"to": [10, 13, 2],
			"rotation": {"angle": 0, "axis": "y", "origin": [1.75, 19.25, -5.25]},
			"faces": {
				"north": {"uv": [6, 3, 10, 7], "texture": "#0"},
				"east": {"uv": [12, 3, 14, 7], "texture": "#0"},
				"south": {"uv": [8, 3, 12, 7], "texture": "#0"},
				"west": {"uv": [5, 3, 7, 7], "texture": "#0"},
				"down": {"uv": [7, 4, 11, 6], "texture": "#0"}
			}},
		{
			"name": "leg",
			"from": [6.5, 1, 0],
			"to": [9.5, 9, 1.5],
			"rotation": {"angle": 0, "axis": "y", "origin": [1.75, 7.25, -5.25]},
			"faces": {
				"north": {"uv": [6.5, 6, 9.5, 14], "texture": "#0"},
				"east": {"uv": [8, 6, 9.5, 14], "texture": "#0"},
				"south": {"uv": [5, 6, 8, 14], "texture": "#0"},
				"west": {"uv": [9.5, 6, 11, 14], "texture": "#0"}
			}},
		{
			"name": "leg",
			"from": [6, 0, 0],
			"to": [10, 1, 2],
			"rotation": {"angle": 0, "axis": "y", "origin": [1.75, 8.25, -5.25]},
			"faces": {
				"north": {"uv": [12, 15, 16, 16], "texture": "#0"},
				"east": {"uv": [12, 15, 14, 16], "texture": "#0"},
				"south": {"uv": [8, 15, 12, 16], "texture": "#0"},
				"west": {"uv": [4, 15, 6, 16], "texture": "#0"},
				"up": {"uv": [7, 4, 11, 6], "rotation": 180, "texture": "#0"},
				"down": {"uv": [12, 12, 16, 14], "texture": "#0"}
			}},
		{
			"name": "Beam",
			"from": [2, 12, 0],
			"to": [6, 13, 2],
			"rotation": {"angle": 0, "axis": "y", "origin": [6.75, 10.25, -4.75]},
			"faces": {
				"north": {"uv": [10, 3, 14, 4], "texture": "#0"},
				"south": {"uv": [2, 3, 6, 4], "texture": "#0"},
				"down": {"uv": [3, 4, 7, 6], "texture": "#0"}
			}},
		{
			"name": "Beam",
			"from": [10, 12, 0],
			"to": [14, 13, 2],
			"rotation": {"angle": 0, "axis": "y", "origin": [13.75, 10.25, -4.75]},
			"faces": {
				"north": {"uv": [2, 3, 6, 4], "texture": "#0"},
				"south": {"uv": [10, 3, 14, 4], "texture": "#0"},
				"down": {"uv": [3, 4, 7, 6], "texture": "#0"}
			}},
		{
			"name": "Beam",
			"from": [0, 12, 1],
			"to": [2, 13, 16],
			"rotation": {"angle": 0, "axis": "y", "origin": [1, 11.3, 8]},
			"faces": {
				"east": {"uv": [0, 3, 15, 4], "texture": "#0"},
				"south": {"uv": [0, 3, 2, 4], "texture": "#0"},
				"west": {"uv": [1, 3, 16, 4], "texture": "#0"},
				"down": {"uv": [1, 3, 16, 5], "rotation": 270, "texture": "#0"}
			}},
		{
			"name": "Beam",
			"from": [14, 12, 1],
			"to": [16, 13, 16],
			"rotation": {"angle": 0, "axis": "y", "origin": [15, 11.3, 8]},
			"faces": {
				"east": {"uv": [0, 3, 15, 4], "texture": "#0"},
				"south": {"uv": [14, 3, 16, 4], "texture": "#0"},
				"west": {"uv": [1, 3, 16, 4], "texture": "#0"},
				"down": {"uv": [0, 3, 15, 5], "rotation": 90, "texture": "#0"}
			}},
		{
			"name": "Corner",
			"from": [0, 11, 0],
			"to": [2, 13, 1],
			"rotation": {"angle": 0, "axis": "y", "origin": [1, 11.3, 5]},
			"faces": {
				"north": {"uv": [14, 3, 16, 5], "texture": "#0"},
				"east": {"uv": [13, 3, 14, 5], "texture": "#0"},
				"south": {"uv": [0, 3, 2, 5], "texture": "#0"},
				"west": {"uv": [0, 3, 1, 5], "texture": "#0"},
				"down": {"uv": [14, 5, 16, 6], "texture": "#0"}
			}},
		{
			"name": "Corner",
			"from": [14, 11, 0],
			"to": [16, 13, 1],
			"rotation": {"angle": 0, "axis": "y", "origin": [14.5, 12, 1.5]},
			"faces": {
				"north": {"uv": [0, 3, 2, 5], "texture": "#0"},
				"east": {"uv": [15, 3, 16, 5], "texture": "#0"},
				"south": {"uv": [14, 3, 16, 5], "texture": "#0"},
				"west": {"uv": [2, 3, 3, 5], "texture": "#0"},
				"down": {"uv": [12, 4, 14, 5], "rotation": 180, "texture": "#0"}
			}},
		{
			"name": "Beam",
			"from": [7, 10, 4],
			"to": [9, 11, 6],
			"rotation": {"angle": 0, "axis": "y", "origin": [8, 10.5, 5]},
			"faces": {
				"north": {"uv": [13, 5, 15, 6], "texture": "#0"},
				"east": {"uv": [11, 3, 12, 5], "rotation": 270, "texture": "#0"},
				"south": {"uv": [9, 3, 11, 4], "texture": "#0"},
				"west": {"uv": [8, 3, 9, 5], "rotation": 90, "texture": "#0"},
				"down": {"uv": [9, 3, 11, 5], "texture": "#0"}
			}},
		{
			"name": "Beam",
			"from": [7, 11, 6],
			"to": [9, 12, 9],
			"rotation": {"angle": 0, "axis": "y", "origin": [8, 11.5, 7]},
			"faces": {
				"north": {"uv": [9, 3, 11, 4], "texture": "#0"},
				"east": {"uv": [11, 1, 12, 4], "rotation": 270, "texture": "#0"},
				"south": {"uv": [9, 1, 11, 2], "texture": "#0"},
				"west": {"uv": [8, 1, 9, 4], "rotation": 90, "texture": "#0"},
				"down": {"uv": [9, 1, 11, 4], "texture": "#0"}
			}},
		{
			"name": "Beam",
			"from": [7, 9, 2],
			"to": [9, 10, 4],
			"rotation": {"angle": 0, "axis": "y", "origin": [8, 9.5, 3]},
			"faces": {
				"north": {"uv": [13, 5, 15, 6], "texture": "#0"},
				"east": {"uv": [11, 4, 12, 6], "rotation": 270, "texture": "#0"},
				"south": {"uv": [9, 4, 11, 5], "texture": "#0"},
				"west": {"uv": [8, 4, 9, 6], "rotation": 90, "texture": "#0"},
				"down": {"uv": [9, 4, 11, 6], "texture": "#0"}
			}},
		{
			"name": "Beam",
			"from": [12, 10, 0],
			"to": [14, 11, 1],
			"rotation": {"angle": 0, "axis": "y", "origin": [12, 10, 0]},
			"faces": {
				"north": {"uv": [2, 4, 4, 5], "texture": "#0"},
				"east": {"uv": [2, 4, 3, 5], "texture": "#0"},
				"south": {"uv": [12, 4, 14, 5], "texture": "#0"},
				"west": {"uv": [2, 4, 3, 5], "texture": "#0"},
				"up": {"uv": [2, 4, 4, 5], "texture": "#0"},
				"down": {"uv": [2, 4, 4, 5], "rotation": 180, "texture": "#0"}
			}},
		{
			"name": "Beam",
			"from": [2, 10, 0],
			"to": [4, 11, 1],
			"rotation": {"angle": 0, "axis": "y", "origin": [4, 10, 1]},
			"faces": {
				"north": {"uv": [12, 4, 14, 5], "texture": "#0"},
				"east": {"uv": [11, 3, 12, 4], "texture": "#0"},
				"south": {"uv": [2, 4, 4, 5], "texture": "#0"},
				"west": {"uv": [15, 3, 16, 4], "rotation": 270, "texture": "#0"},
				"up": {"uv": [12, 4, 14, 5], "rotation": 180, "texture": "#0"},
				"down": {"uv": [13, 4, 15, 5], "rotation": 180, "texture": "#0"}
			}},
		{
			"name": "Beam",
			"from": [10, 9, 0],
			"to": [12, 10, 1],
			"rotation": {"angle": 0, "axis": "y", "origin": [12, 10, 0]},
			"faces": {
				"north": {"uv": [4, 5, 6, 6], "texture": "#0"},
				"east": {"uv": [4, 5, 5, 6], "texture": "#0"},
				"south": {"uv": [10, 5, 12, 6], "texture": "#0"},
				"west": {"uv": [4, 5, 5, 6], "texture": "#0"},
				"up": {"uv": [10, 5, 12, 6], "rotation": 180, "texture": "#0"},
				"down": {"uv": [4, 5, 6, 6], "rotation": 180, "texture": "#0"}
			}},
		{
			"name": "Beam",
			"from": [4, 9, 0],
			"to": [6, 10, 1],
			"rotation": {"angle": 0, "axis": "y", "origin": [4, 10, 1]},
			"faces": {
				"north": {"uv": [10, 5, 12, 6], "texture": "#0"},
				"east": {"uv": [10, 5, 11, 6], "texture": "#0"},
				"south": {"uv": [4, 5, 6, 6], "texture": "#0"},
				"west": {"uv": [11, 4, 12, 5], "texture": "#0"},
				"up": {"uv": [10, 5, 12, 6], "rotation": 180, "texture": "#0"},
				"down": {"uv": [10, 5, 12, 6], "rotation": 180, "texture": "#0"}
			}}
	],
	"display": {
		"thirdperson_righthand": {
			"rotation": [45, 0, 0],
			"translation": [0, 1, 0],
			"scale": [0.35, 0.35, 0.35]
		},
		"thirdperson_lefthand": {
			"rotation": [45, 0, 0],
			"translation": [0, 1, 0],
			"scale": [0.35, 0.35, 0.35]
		},
		"firstperson_righthand": {
			"rotation": [-10, 15, 0],
			"translation": [1, 0, 0],
			"scale": [0.4, 0.4, 0.4]
		},
		"firstperson_lefthand": {
			"rotation": [-10, 15, 0],
			"translation": [1, 0, 0],
			"scale": [0.4, 0.4, 0.4]
		},
		"ground": {
			"translation": [0, 1, 0],
			"scale": [0.3, 0.3, 0.3]
		},
		"gui": {
			"rotation": [35, -135, 0],
			"translation": [0, -1, 0],
			"scale": [0.5, 0.5, 0.5]
		},
		"head": {
			"translation": [0, -31.5, 0],
			"scale": [2.29, 2.5, 2.29]
		},
		"fixed": {
			"scale": [0.8, 0.8, 0.8]
		}
	}
}