{
		"textures": {"0": "block/obsidian"
	},
	"elements": [{
			"name": "leg", "from": [14, 0, 14], "to": [16, 13, 16], "rotation": {"angle": 0, "axis": "y", "origin": [8, 9.75, 8]}, "faces": {
				"north": {"uv": [2, 3, 4, 16], "texture": "#0"},
				"east": {"uv": [0, 3, 2, 16], "texture": "#0"},
				"south": {"uv": [14, 3, 16, 16], "texture": "#0"},
				"west": {"uv": [12, 3, 14, 16], "texture": "#0"},
				"down": {"uv": [14, 14, 16, 16], "texture": "#0"}
			}},
		{
			"name": "leg", "from": [14, 0, 0], "to": [16, 13, 2], "rotation": {"angle": 0, "axis": "y", "origin": [15, 6.5, 1]}, "faces": {
				"north": {"uv": [0, 3, 2, 16], "texture": "#0"},
				"east": {"uv": [14, 3, 16, 16], "texture": "#0"},
				"south": {"uv": [12, 3, 14, 16], "texture": "#0"},
				"west": {"uv": [2, 3, 4, 16], "texture": "#0"},
				"down": {"uv": [14, 14, 16, 16], "rotation": 90, "texture": "#0"}
			}},
		{
			"name": "leg", "from": [0, 0, 0], "to": [2, 13, 2], "rotation": {"angle": 0, "axis": "y", "origin": [1, 6.5, 1]}, "faces": {
				"north": {"uv": [14, 3, 16, 16], "texture": "#0"},
				"east": {"uv": [12, 3, 14, 16], "texture": "#0"},
				"south": {"uv": [2, 3, 4, 16], "texture": "#0"},
				"west": {"uv": [0, 3, 2, 16], "texture": "#0"},
				"down": {"uv": [14, 14, 16, 16], "rotation": 180, "texture": "#0"}
			}},
		{
			"name": "leg", "from": [0, 0, 14], "to": [2, 13, 16], "rotation": {"angle": 0, "axis": "y", "origin": [1, 6.5, 15]}, "faces": {
				"north": {"uv": [12, 3, 14, 16], "texture": "#0"},
				"east": {"uv": [2, 3, 4, 16], "texture": "#0"},
				"south": {"uv": [0, 3, 2, 16], "texture": "#0"},
				"west": {"uv": [14, 3, 16, 16], "texture": "#0"},
				"down": {"uv": [14, 14, 16, 16], "rotation": 270, "texture": "#0"}
			}}
	],
	"display": {
		"thirdperson_righthand": {
			"rotation": [45, 0, 0], "translation": [0, 1, 0], "scale": [0.35, 0.35, 0.35]
		},
		"thirdperson_lefthand": {
			"rotation": [45, 0, 0], "translation": [0, 1, 0], "scale": [0.35, 0.35, 0.35]
		},
		"firstperson_righthand": {
			"rotation": [-10, 15, 0], "translation": [1, 0, 0], "scale": [0.4, 0.4, 0.4]
		},
		"firstperson_lefthand": {
			"rotation": [-10, 15, 0], "translation": [1, 0, 0], "scale": [0.4, 0.4, 0.4]
		},
		"ground": {
			"translation": [0, 1, 0], "scale": [0.3, 0.3, 0.3]
		},
		"gui": {
			"rotation": [35, -135, 0], "translation": [0, -1, 0], "scale": [0.5, 0.5, 0.5]
		},
		"head": {
			"translation": [0, -32.9, 0], "scale": [2.289, 2.289, 2.289]
		},
		"fixed": {
			"scale": [0.8, 0.8, 0.8]
		}
	}
}