{
		"textures": {"0": "block/crimson_planks",
		"particle": "block/crimson_trapdoor"
	},
	"elements": [{
			"name": "Bar",
			"from": [1, 12, 7.5],
			"to": [15, 13, 8.5],
			"rotation": {"angle": 0, "axis": "y", "origin": [8, 8.5, 8]},
			"faces": {
				"north": {"uv": [0, 3, 14, 4], "texture": "#0"},
				"south": {"uv": [0, 3, 14, 4], "texture": "#0"},
				"down": {"uv": [0, 3, 14, 4], "rotation": 180, "texture": "#0"}
			}},
		{
			"name": "Bar",
			"from": [1, 10, 7.5],
			"to": [15, 11, 8.5],
			"rotation": {"angle": 0, "axis": "y", "origin": [8, 8.5, 8]},
			"faces": {
				"north": {"uv": [0, 5, 14, 6], "texture": "#0"},
				"south": {"uv": [0, 5, 14, 6], "texture": "#0"},
				"up": {"uv": [0, 5, 14, 6], "rotation": 180, "texture": "#0"},
				"down": {"uv": [0, 5, 14, 6], "texture": "#0"}
			}},
		{
			"name": "Bar",
			"from": [1, 8, 7.5],
			"to": [15, 9, 8.5],
			"rotation": {"angle": 0, "axis": "y", "origin": [8, 8.5, 8]},
			"faces": {
				"north": {"uv": [0, 7, 14, 8], "texture": "#0"},
				"south": {"uv": [0, 3, 14, 4], "texture": "#0"},
				"up": {"uv": [0, 7, 14, 8], "rotation": 180, "texture": "#0"},
				"down": {"uv": [0, 7, 14, 8], "rotation": 180, "texture": "#0"}
			}},
		{
			"name": "Bar",
			"from": [1, 6, 7.5],
			"to": [15, 7, 8.5],
			"rotation": {"angle": 0, "axis": "y", "origin": [8, 8.5, 8]},
			"faces": {
				"north": {"uv": [0, 9, 14, 10], "texture": "#0"},
				"south": {"uv": [0, 9, 14, 10], "texture": "#0"},
				"up": {"uv": [0, 9, 14, 10], "rotation": 180, "texture": "#0"},
				"down": {"uv": [0, 9, 14, 10], "texture": "#0"}
			}},
		{
			"name": "Bar",
			"from": [1, 4, 7.5],
			"to": [15, 5, 8.5],
			"rotation": {"angle": 0, "axis": "y", "origin": [8, 8.5, 8]},
			"faces": {
				"north": {"uv": [0, 11, 14, 12], "texture": "#0"},
				"south": {"uv": [0, 11, 14, 12], "texture": "#0"},
				"up": {"uv": [0, 11, 14, 12], "texture": "#0"},
				"down": {"uv": [0, 11, 14, 12], "rotation": 180, "texture": "#0"}
			}},
		{
			"name": "Side",
			"from": [15, 4, 7.5],
			"to": [16, 13, 8.5],
			"rotation": {"angle": 0, "axis": "y", "origin": [8, 8.5, 8]},
			"faces": {
				"north": {"uv": [0, 3, 1, 12], "texture": "#0"},
				"east": {"uv": [1, 3, 2, 12], "texture": "#0"},
				"south": {"uv": [15, 3, 16, 12], "texture": "#0"},
				"west": {"uv": [14, 3, 15, 12], "texture": "#0"},
				"down": {"uv": [15, 11, 16, 12], "rotation": 270, "texture": "#0"}
			}},
		{
			"name": "Side",
			"from": [0, 4, 7.5],
			"to": [1, 13, 8.5],
			"rotation": {"angle": 0, "axis": "y", "origin": [8, 8.5, 8]},
			"faces": {
				"north": {"uv": [15, 3, 16, 12], "texture": "#0"},
				"east": {"uv": [14, 3, 15, 12], "texture": "#0"},
				"south": {"uv": [0, 3, 1, 12], "texture": "#0"},
				"west": {"uv": [1, 3, 2, 12], "texture": "#0"},
				"down": {"uv": [0, 11, 1, 12], "rotation": 270, "texture": "#0"}
			}}
	],
	"display": {
		"thirdperson_righthand": {
			"rotation": [45, 0, 0],
			"translation": [0, 1, 0],
			"scale": [0.35, 0.35, 0.35]
		},
		"thirdperson_lefthand": {
			"rotation": [45, 0, 0],
			"translation": [0, 1, 0],
			"scale": [0.35, 0.35, 0.35]
		},
		"firstperson_righthand": {
			"rotation": [-10, 15, 0],
			"translation": [1, 0, 0],
			"scale": [0.4, 0.4, 0.4]
		},
		"firstperson_lefthand": {
			"rotation": [-10, 15, 0],
			"translation": [1, 0, 0],
			"scale": [0.4, 0.4, 0.4]
		},
		"ground": {
			"translation": [0, 1, 0],
			"scale": [0.3, 0.3, 0.3]
		},
		"gui": {
			"rotation": [35, -135, 0],
			"translation": [0, -1, 0],
			"scale": [0.5, 0.5, 0.5]
		},
		"head": {
			"translation": [0, -32.9, 0],
			"scale": [2.289, 2.289, 2.289]
		},
		"fixed": {
			"scale": [0.8, 0.8, 0.8]
		}
	}
}