{
		"textures": {"0": "block/spruce_planks"
	},
	"elements": [{
			"name": "Beam",
			"from": [0, 12, 7],
			"to": [16, 13, 9],
			"rotation": {"angle": 0, "axis": "y", "origin": [8, 12.5, 8]},
			"faces": {
				"north": {"uv": [0, 7, 16, 8], "texture": "#0"},
				"east": {"uv": [0, 7, 2, 8], "rotation": 180, "texture": "#0"},
				"south": {"uv": [0, 7, 16, 8], "texture": "#0"},
				"west": {"uv": [0, 7, 2, 8], "rotation": 180, "texture": "#0"},
				"down": {"uv": [0, 5, 16, 7], "texture": "#0"}
			}},
		{
			"name": "leg",
			"from": [8, 1, 7],
			"to": [16, 2, 9],
			"rotation": {"angle": 0, "axis": "y", "origin": [8, 12.5, 8]},
			"faces": {
				"north": {"uv": [3, 7, 4, 15], "rotation": 270, "texture": "#0"},
				"east": {"uv": [2, 15, 4, 16], "texture": "#0"},
				"south": {"uv": [0, 7, 1, 15], "rotation": 90, "texture": "#0"},
				"up": {"uv": [13, 4, 15, 12], "rotation": 270, "texture": "#0"}
			}},
		{
			"name": "leg",
			"from": [0, 1, 7],
			"to": [8, 2, 9],
			"rotation": {"angle": 0, "axis": "y", "origin": [8, 12.5, 8]},
			"faces": {
				"north": {"uv": [0, 7, 1, 15], "rotation": 90, "texture": "#0"},
				"south": {"uv": [3, 7, 4, 15], "rotation": 270, "texture": "#0"},
				"west": {"uv": [2, 15, 4, 16], "texture": "#0"},
				"up": {"uv": [1, 4, 3, 12], "rotation": 90, "texture": "#0"}
			}},
		{
			"name": "leg",
			"from": [8, 0, 6],
			"to": [16, 1, 10],
			"rotation": {"angle": 0, "axis": "y", "origin": [8, 12.5, 8]},
			"faces": {
				"north": {"uv": [0, 15, 8, 16], "texture": "#0"},
				"east": {"uv": [12, 7, 16, 8], "texture": "#0"},
				"south": {"uv": [2, 7, 10, 8], "texture": "#0"},
				"up": {"uv": [12, 4, 16, 12], "rotation": 270, "texture": "#0"},
				"down": {"uv": [5, 11, 9, 19], "rotation": 270, "texture": "#0"}
			}},
		{
			"name": "leg",
			"from": [0, 0, 6],
			"to": [8, 1, 10],
			"rotation": {"angle": 0, "axis": "y", "origin": [8, 12.5, 8]},
			"faces": {
				"north": {"uv": [3, 3, 11, 4], "texture": "#0"},
				"south": {"uv": [5, 11, 13, 12], "texture": "#0"},
				"west": {"uv": [12, 7, 16, 8], "texture": "#0"},
				"up": {"uv": [0, 4, 4, 12], "rotation": 90, "texture": "#0"},
				"down": {"uv": [5, 11, 9, 19], "rotation": 90, "texture": "#0"}
			}}
	],
	"display": {
		"thirdperson_righthand": {
			"rotation": [45, 0, 0],
			"translation": [0, 1, 0],
			"scale": [0.35, 0.35, 0.35]
		},
		"thirdperson_lefthand": {
			"rotation": [45, 0, 0],
			"translation": [0, 1, 0],
			"scale": [0.35, 0.35, 0.35]
		},
		"firstperson_righthand": {
			"rotation": [-10, 15, 0],
			"translation": [1, 0, 0],
			"scale": [0.4, 0.4, 0.4]
		},
		"firstperson_lefthand": {
			"rotation": [-10, 15, 0],
			"translation": [1, 0, 0],
			"scale": [0.4, 0.4, 0.4]
		},
		"ground": {
			"translation": [0, 1, 0],
			"scale": [0.3, 0.3, 0.3]
		},
		"gui": {
			"rotation": [35, -135, 0],
			"translation": [0, -1, 0],
			"scale": [0.5, 0.5, 0.5]
		},
		"head": {
			"translation": [0, -32.9, 0],
			"scale": [2.289, 2.289, 2.289]
		},
		"fixed": {
			"scale": [0.8, 0.8, 0.8]
		}
	}
}