{
		"textures": {"0": "block/spruce_planks"
	},
	"elements": [{
			"name": "Leg1", "from": [12, 7, 2], "to": [14, 8, 4], "rotation": {"angle": 0, "axis": "y", "origin": [13, 7.5, 3]}, "faces": {
				"north": {"uv": [5, 3, 7, 4], "texture": "#0"},
				"east": {"uv": [8, 3, 10, 4], "texture": "#0"},
				"south": {"uv": [7, 3, 9, 4], "texture": "#0"},
				"west": {"uv": [6, 3, 8, 4], "texture": "#0"},
				"down": {"uv": [0, 0, 2, 2], "texture": "#0"}
			}},
		{
			"name": "Leg1", "from": [12.25, 1, 2.25], "to": [13.75, 7, 3.75], "rotation": {"angle": 0, "axis": "y", "origin": [18.25, 7.5, 8.75]}, "faces": {
				"north": {"uv": [3.25, 4, 4.75, 10], "texture": "#0"},
				"east": {"uv": [2.25, 4, 3.75, 10], "texture": "#0"},
				"south": {"uv": [1.25, 4, 2.75, 10], "texture": "#0"},
				"west": {"uv": [4.25, 4, 5.75, 10], "texture": "#0"}
			}},
		{
			"name": "Leg1", "from": [12, 0, 2], "to": [14, 1, 4], "rotation": {"angle": 0, "axis": "y", "origin": [13, 0.5, 3]}, "faces": {
				"north": {"uv": [1, 7, 3, 8], "texture": "#0"},
				"east": {"uv": [5, 7, 7, 8], "texture": "#0"},
				"south": {"uv": [4, 7, 6, 8], "texture": "#0"},
				"west": {"uv": [3, 7, 5, 8], "texture": "#0"},
				"up": {"uv": [6, 6, 8, 8], "rotation": 270, "texture": "#0"},
				"down": {"uv": [6, 3, 8, 5], "rotation": 90, "texture": "#0"}
			}},
		{
			"name": "Leg2", "from": [2, 7, 2], "to": [4, 8, 4], "rotation": {"angle": 0, "axis": "y", "origin": [3, 4, 3]}, "faces": {
				"north": {"uv": [5, 3, 7, 4], "texture": "#0"},
				"east": {"uv": [8, 3, 10, 4], "texture": "#0"},
				"south": {"uv": [7, 3, 9, 4], "texture": "#0"},
				"west": {"uv": [6, 3, 8, 4], "texture": "#0"},
				"down": {"uv": [0, 0, 2, 2], "texture": "#0"}
			}},
		{
			"name": "Leg2", "from": [2.25, 1, 2.25], "to": [3.75, 7, 3.75], "rotation": {"angle": 0, "axis": "y", "origin": [3, 4, 3]}, "faces": {
				"north": {"uv": [4.25, 0, 5.75, 6], "texture": "#0"},
				"east": {"uv": [3.25, 0, 4.75, 6], "texture": "#0"},
				"south": {"uv": [6.25, 0, 7.75, 6], "texture": "#0"},
				"west": {"uv": [5.25, 0, 6.75, 6], "texture": "#0"}
			}},
		{
			"name": "Leg2", "from": [2, 0, 2], "to": [4, 1, 4], "rotation": {"angle": 0, "axis": "y", "origin": [3, 4, 3]}, "faces": {
				"north": {"uv": [2, 11, 4, 12], "texture": "#0"},
				"east": {"uv": [5, 11, 7, 12], "texture": "#0"},
				"south": {"uv": [4, 11, 6, 12], "texture": "#0"},
				"west": {"uv": [3, 11, 5, 12], "texture": "#0"},
				"up": {"uv": [6, 6, 8, 8], "rotation": 180, "texture": "#0"},
				"down": {"uv": [6, 3, 8, 5], "rotation": 180, "texture": "#0"}
			}},
		{
			"name": "Leg3", "from": [2, 7, 12], "to": [4, 8, 14], "rotation": {"angle": 0, "axis": "y", "origin": [3, 4, 13]}, "faces": {
				"north": {"uv": [8, 3, 10, 4], "texture": "#0"},
				"east": {"uv": [7, 3, 9, 4], "texture": "#0"},
				"south": {"uv": [6, 3, 8, 4], "texture": "#0"},
				"west": {"uv": [5, 3, 7, 4], "texture": "#0"},
				"down": {"uv": [0, 0, 2, 2], "rotation": 90, "texture": "#0"}
			}},
		{
			"name": "Leg3", "from": [2.25, 1, 12.25], "to": [3.75, 7, 13.75], "rotation": {"angle": 0, "axis": "y", "origin": [3, 4, 13]}, "faces": {
				"north": {"uv": [2.25, 4, 3.75, 10], "texture": "#0"},
				"east": {"uv": [1.25, 4, 2.75, 10], "texture": "#0"},
				"south": {"uv": [4.25, 4, 5.75, 10], "texture": "#0"},
				"west": {"uv": [3.25, 4, 4.75, 10], "texture": "#0"}
			}},
		{
			"name": "Leg3", "from": [2, 0, 12], "to": [4, 1, 14], "rotation": {"angle": 0, "axis": "y", "origin": [3, 4, 13]}, "faces": {
				"north": {"uv": [5, 7, 7, 8], "texture": "#0"},
				"east": {"uv": [4, 7, 6, 8], "texture": "#0"},
				"south": {"uv": [3, 7, 5, 8], "texture": "#0"},
				"west": {"uv": [2, 7, 4, 8], "texture": "#0"},
				"up": {"uv": [6, 6, 8, 8], "rotation": 90, "texture": "#0"},
				"down": {"uv": [6, 3, 8, 5], "rotation": 270, "texture": "#0"}
			}},
		{
			"name": "Leg4", "from": [12, 0, 12], "to": [14, 1, 14], "rotation": {"angle": 0, "axis": "y", "origin": [13, 4, 13]}, "faces": {
				"north": {"uv": [3, 11, 5, 12], "texture": "#0"},
				"east": {"uv": [2, 11, 4, 12], "texture": "#0"},
				"south": {"uv": [5, 11, 7, 12], "texture": "#0"},
				"west": {"uv": [4, 11, 6, 12], "texture": "#0"},
				"up": {"uv": [6, 6, 8, 8], "texture": "#0"},
				"down": {"uv": [6, 3, 8, 5], "texture": "#0"}
			}},
		{
			"name": "Leg4", "from": [12.25, 1, 12.25], "to": [13.75, 7, 13.75], "rotation": {"angle": 0, "axis": "y", "origin": [13, 4, 13]}, "faces": {
				"north": {"uv": [5.25, 0, 6.75, 6], "texture": "#0"},
				"east": {"uv": [4.25, 0, 5.75, 6], "texture": "#0"},
				"south": {"uv": [3.25, 0, 4.75, 6], "texture": "#0"},
				"west": {"uv": [6.25, 0, 7.75, 6], "texture": "#0"}
			}},
		{
			"name": "Leg4", "from": [12, 7, 12], "to": [14, 8, 14], "rotation": {"angle": 0, "axis": "y", "origin": [13, 4, 13]}, "faces": {
				"north": {"uv": [6, 3, 8, 4], "texture": "#0"},
				"east": {"uv": [5, 3, 7, 4], "texture": "#0"},
				"south": {"uv": [8, 3, 10, 4], "texture": "#0"},
				"west": {"uv": [7, 3, 9, 4], "texture": "#0"},
				"down": {"uv": [0, 0, 2, 2], "rotation": 270, "texture": "#0"}
			}},
		{
			"name": "Seat", "from": [12, 8, 2], "to": [14, 10, 14], "rotation": {"angle": 0, "axis": "y", "origin": [13, 8.5, 4]}, "faces": {
				"north": {"uv": [2, 3, 4, 5], "texture": "#0"},
				"east": {"uv": [4, 11, 16, 13], "texture": "#0"},
				"south": {"uv": [10, 11, 12, 13], "texture": "#0"},
				"west": {"uv": [3, 11, 15, 13], "texture": "#0"},
				"up": {"uv": [3, 3, 5, 15], "texture": "#0"},
				"down": {"uv": [4, 1, 6, 13], "rotation": 180, "texture": "#0"}
			}},
		{
			"name": "Seat", "from": [12, 8, 2], "to": [14, 10, 14], "rotation": {"angle": 0, "axis": "y", "origin": [13, 8.5, 4]}, "faces": {
				"north": {"uv": [2, 3, 4, 5], "texture": "#0"},
				"east": {"uv": [4, 11, 16, 13], "texture": "#0"},
				"south": {"uv": [10, 11, 12, 13], "texture": "#0"},
				"west": {"uv": [3, 11, 15, 13], "texture": "#0"},
				"up": {"uv": [3, 3, 5, 15], "texture": "#0"},
				"down": {"uv": [4, 1, 6, 13], "rotation": 180, "texture": "#0"}
			}},
		{
			"name": "Seat", "from": [2, 8, 2], "to": [4, 10, 14], "rotation": {"angle": 0, "axis": "y", "origin": [3, 8.5, 4]}, "faces": {
				"north": {"uv": [12, 3, 14, 5], "texture": "#0"},
				"east": {"uv": [4, 11, 16, 13], "texture": "#0"},
				"south": {"uv": [2, 11, 4, 13], "texture": "#0"},
				"west": {"uv": [3, 11, 15, 13], "texture": "#0"},
				"up": {"uv": [12, 3, 14, 15], "texture": "#0"},
				"down": {"uv": [10, 1, 12, 13], "rotation": 180, "texture": "#0"}
			}},
		{
			"name": "Seat", "from": [4, 9, 2], "to": [12, 10, 4], "rotation": {"angle": 0, "axis": "y", "origin": [11, 9.5, 2]}, "faces": {
				"north": {"uv": [4, 3, 12, 4], "texture": "#0"},
				"south": {"uv": [4, 7, 12, 8], "texture": "#0"},
				"up": {"uv": [4, 2, 12, 4], "rotation": 180, "texture": "#0"},
				"down": {"uv": [2, 2, 10, 4], "texture": "#0"}
			}},
		{
			"name": "Seat", "from": [4, 9.75, 4.5], "to": [12, 10, 5.5], "rotation": {"angle": 0, "axis": "y", "origin": [11, 9.5, 3.5]}, "faces": {
				"up": {"uv": [5, 4.5, 13, 5.5], "texture": "#0"},
				"down": {"uv": [2, 2, 10, 3], "texture": "#0"}
			}},
		{
			"name": "Seat", "from": [10.5, 9.5, 4], "to": [11.5, 9.75, 12], "rotation": {"angle": 0, "axis": "y", "origin": [12.5, 9.25, 11]}, "faces": {
				"up": {"uv": [2.5, 5, 3.5, 13], "texture": "#0"},
				"down": {"uv": [2, 2, 10, 3], "rotation": 270, "texture": "#0"}
			}},
		{
			"name": "Seat", "from": [8.5, 9.5, 4], "to": [9.5, 9.75, 12], "rotation": {"angle": 0, "axis": "y", "origin": [10.5, 9.25, 11]}, "faces": {
				"up": {"uv": [5.5, 1, 6.5, 9], "texture": "#0"},
				"down": {"uv": [2, 2, 10, 3], "rotation": 270, "texture": "#0"}
			}},
		{
			"name": "Seat", "from": [6.5, 9.5, 4], "to": [7.5, 9.75, 12], "rotation": {"angle": 0, "axis": "y", "origin": [8.5, 9.25, 11]}, "faces": {
				"up": {"uv": [14.5, 1, 15.5, 9], "texture": "#0"},
				"down": {"uv": [2, 2, 10, 3], "rotation": 270, "texture": "#0"}
			}},
		{
			"name": "Seat", "from": [4.5, 9.5, 4], "to": [5.5, 9.75, 12], "rotation": {"angle": 0, "axis": "y", "origin": [6.5, 9.25, 11]}, "faces": {
				"up": {"uv": [3.5, 5, 4.5, 13], "texture": "#0"},
				"down": {"uv": [2, 2, 10, 3], "rotation": 270, "texture": "#0"}
			}},
		{
			"name": "Seat", "from": [4, 9.75, 6.5], "to": [12, 10, 7.5], "rotation": {"angle": 0, "axis": "y", "origin": [11, 9.5, 5.5]}, "faces": {
				"up": {"uv": [5, 11.5, 13, 12.5], "texture": "#0"},
				"down": {"uv": [2, 2, 10, 3], "texture": "#0"}
			}},
		{
			"name": "Seat", "from": [4, 9.75, 8.5], "to": [12, 10, 9.5], "rotation": {"angle": 0, "axis": "y", "origin": [11, 9.5, 7.5]}, "faces": {
				"up": {"uv": [5, 8.5, 13, 9.5], "texture": "#0"},
				"down": {"uv": [2, 2, 10, 3], "texture": "#0"}
			}},
		{
			"name": "Seat", "from": [4, 9.75, 10.5], "to": [12, 10, 11.5], "rotation": {"angle": 0, "axis": "y", "origin": [11, 9.5, 9.5]}, "faces": {
				"up": {"uv": [5, 7.5, 13, 8.5], "texture": "#0"},
				"down": {"uv": [2, 2, 10, 3], "texture": "#0"}
			}},
		{
			"name": "Seat", "from": [4, 9, 12], "to": [12, 10, 14], "rotation": {"angle": 0, "axis": "y", "origin": [11, 9.5, 12]}, "faces": {
				"north": {"uv": [1, 1, 9, 2], "texture": "#0"},
				"south": {"uv": [3, 11, 11, 12], "texture": "#0"},
				"up": {"uv": [4, 2, 12, 4], "texture": "#0"},
				"down": {"uv": [6, 3, 14, 5], "texture": "#0"}
			}},
		{
			"name": "Beam", "from": [4, 7, 2.5], "to": [12, 9, 3.5], "rotation": {"angle": 0, "axis": "y", "origin": [11, 7.5, 2.5]}, "faces": {
				"north": {"uv": [7, 2, 15, 4], "texture": "#0"},
				"south": {"uv": [2, 6, 10, 8], "texture": "#0"},
				"up": {"uv": [2, 6, 10, 7], "texture": "#0"},
				"down": {"uv": [5, 3, 13, 4], "texture": "#0"}
			}},
		{
			"name": "Beam", "from": [4, 7, 12.5], "to": [12, 9, 13.5], "rotation": {"angle": 0, "axis": "y", "origin": [11, 7.5, 12.5]}, "faces": {
				"north": {"uv": [7, 2, 15, 4], "texture": "#0"},
				"south": {"uv": [7, 6, 15, 8], "texture": "#0"},
				"up": {"uv": [2, 6, 10, 7], "texture": "#0"},
				"down": {"uv": [5, 3, 13, 4], "texture": "#0"}
			}},
		{
			"name": "Back", "from": [3, 12, 12.75], "to": [13, 22, 13.25], "rotation": {"angle": 0, "axis": "y", "origin": [8.5, 6.25, 8]}, "faces": {
				"north": {"uv": [3, 2, 13, 12], "texture": "#0"},
				"south": {"uv": [3, 2, 13, 12], "texture": "#0"}
			}},
		{
			"name": "BackSide", "from": [12, 10, 12], "to": [14, 11, 14], "rotation": {"angle": 0, "axis": "y", "origin": [13, 12, 13]}, "faces": {
				"north": {"uv": [2, 14, 4, 15], "texture": "#0"},
				"east": {"uv": [7, 14, 9, 15], "texture": "#0"},
				"south": {"uv": [6, 14, 8, 15], "texture": "#0"},
				"west": {"uv": [4, 14, 6, 15], "texture": "#0"},
				"up": {"uv": [2, 14, 4, 16], "texture": "#0"},
				"down": {"uv": [2, 14, 4, 16], "texture": "#0"}
			}},
		{
			"name": "BackSide", "from": [2, 10, 12], "to": [4, 11, 14], "rotation": {"angle": 0, "axis": "y", "origin": [3, 12, 13]}, "faces": {
				"north": {"uv": [11, 14, 13, 15], "texture": "#0"},
				"east": {"uv": [9, 14, 11, 15], "texture": "#0"},
				"south": {"uv": [14, 14, 16, 15], "texture": "#0"},
				"west": {"uv": [13, 14, 15, 15], "texture": "#0"},
				"up": {"uv": [2, 14, 4, 16], "texture": "#0"},
				"down": {"uv": [2, 14, 4, 16], "texture": "#0"}
			}},
		{
			"name": "BackSide", "from": [12, 13, 12], "to": [14, 15, 14], "rotation": {"angle": 0, "axis": "y", "origin": [13, 16, 13]}, "faces": {
				"north": {"uv": [2, 13, 4, 15], "texture": "#0"},
				"east": {"uv": [2, 13, 4, 15], "texture": "#0"},
				"south": {"uv": [5, 13, 7, 15], "texture": "#0"},
				"west": {"uv": [3, 13, 5, 15], "texture": "#0"},
				"up": {"uv": [4, 5, 6, 7], "rotation": 270, "texture": "#0"}
			}},
		{
			"name": "BackSide", "from": [12.25, 15, 12.25], "to": [13.75, 19, 13.75], "rotation": {"angle": 0, "axis": "y", "origin": [13, 18, 13]}, "faces": {
				"north": {"uv": [5.25, 1, 6.75, 5], "texture": "#0"},
				"east": {"uv": [4.25, 1, 5.75, 5], "texture": "#0"},
				"south": {"uv": [3.25, 1, 4.75, 5], "texture": "#0"},
				"west": {"uv": [6.25, 1, 7.75, 5], "texture": "#0"}
			}},
		{
			"name": "BackSide", "from": [12, 19, 12], "to": [14, 21, 14], "rotation": {"angle": 0, "axis": "y", "origin": [13, 18, 13]}, "faces": {
				"north": {"uv": [7, 3, 9, 5], "texture": "#0"},
				"east": {"uv": [5, 3, 7, 5], "texture": "#0"},
				"south": {"uv": [4, 3, 6, 5], "texture": "#0"},
				"west": {"uv": [3, 3, 5, 5], "texture": "#0"},
				"up": {"uv": [7, 3, 9, 5], "rotation": 90, "texture": "#0"},
				"down": {"uv": [0, 0, 2, 2], "rotation": 270, "texture": "#0"}
			}},
		{
			"name": "BackSide", "from": [2, 19, 12], "to": [4, 21, 14], "rotation": {"angle": 0, "axis": "y", "origin": [3, 18, 13]}, "faces": {
				"north": {"uv": [10, 3, 12, 5], "texture": "#0"},
				"east": {"uv": [13, 3, 15, 5], "texture": "#0"},
				"south": {"uv": [12, 3, 14, 5], "texture": "#0"},
				"west": {"uv": [11, 3, 13, 5], "texture": "#0"},
				"up": {"uv": [9, 2, 11, 4], "rotation": 90, "texture": "#0"},
				"down": {"uv": [0, 0, 2, 2], "texture": "#0"}
			}},
		{
			"name": "BackSide", "from": [2, 13, 12], "to": [4, 15, 14], "rotation": {"angle": 0, "axis": "y", "origin": [3, 17, 13]}, "faces": {
				"north": {"uv": [2, 13, 4, 15], "texture": "#0"},
				"east": {"uv": [5, 13, 7, 15], "texture": "#0"},
				"south": {"uv": [4, 13, 6, 15], "texture": "#0"},
				"west": {"uv": [2, 13, 4, 15], "texture": "#0"},
				"up": {"uv": [4, 5, 6, 7], "rotation": 180, "texture": "#0"}
			}},
		{
			"name": "BackSide", "from": [2.25, 15, 12.25], "to": [3.75, 19, 13.75], "rotation": {"angle": 0, "axis": "y", "origin": [3, 17, 13]}, "faces": {
				"north": {"uv": [4.25, 1, 5.75, 5], "texture": "#0"},
				"east": {"uv": [3.25, 1, 4.75, 5], "texture": "#0"},
				"south": {"uv": [6.25, 1, 7.75, 5], "texture": "#0"},
				"west": {"uv": [5.25, 1, 6.75, 5], "texture": "#0"}
			}},
		{
			"name": "BackSide", "from": [10, 11, 12], "to": [14, 13, 14], "rotation": {"angle": 0, "axis": "y", "origin": [13, 14, 13]}, "faces": {
				"north": {"uv": [2, 11, 6, 13], "texture": "#0"},
				"east": {"uv": [1, 11, 3, 13], "texture": "#0"},
				"south": {"uv": [12, 11, 16, 13], "texture": "#0"},
				"west": {"uv": [9, 11, 11, 13], "texture": "#0"},
				"up": {"uv": [6, 6, 8, 10], "rotation": 270, "texture": "#0"},
				"down": {"uv": [6, 3, 10, 5], "texture": "#0"}
			}},
		{
			"name": "BackSide", "from": [6, 11, 12.25], "to": [10, 12.75, 13.75], "rotation": {"angle": 0, "axis": "z", "origin": [7, 12, 13]}, "faces": {
				"north": {"uv": [6, 11.25, 10, 13], "texture": "#0"},
				"south": {"uv": [5, 3.25, 9, 5], "texture": "#0"},
				"up": {"uv": [5, 3.25, 9, 4.75], "texture": "#0"},
				"down": {"uv": [5, 3.25, 9, 4.75], "texture": "#0"}
			}},
		{
			"name": "BackSide", "from": [2, 11, 12], "to": [6, 13, 14], "rotation": {"angle": 0, "axis": "y", "origin": [3, 14, 13]}, "faces": {
				"north": {"uv": [10, 11, 14, 13], "texture": "#0"},
				"east": {"uv": [10, 11, 12, 13], "texture": "#0"},
				"south": {"uv": [0, 11, 4, 13], "texture": "#0"},
				"west": {"uv": [13, 11, 15, 13], "texture": "#0"},
				"up": {"uv": [10, 7, 14, 9], "texture": "#0"},
				"down": {"uv": [8, 3, 12, 5], "texture": "#0"}
			}},
		{
			"name": "BackSide", "from": [3, 21, 12], "to": [6, 22, 14], "rotation": {"angle": 0, "axis": "y", "origin": [6, 20, 13]}, "faces": {
				"north": {"uv": [9, 2, 12, 3], "texture": "#0"},
				"east": {"uv": [3, 2, 5, 3], "texture": "#0"},
				"south": {"uv": [3, 2, 6, 3], "texture": "#0"},
				"west": {"uv": [3, 2, 5, 3], "texture": "#0"},
				"up": {"uv": [3, 2, 6, 4], "texture": "#0"},
				"down": {"uv": [3, 4, 6, 6], "texture": "#0"}
			}},
		{
			"name": "BackSide", "from": [4, 22, 12], "to": [12, 23, 14], "rotation": {"angle": 0, "axis": "y", "origin": [13, 21, 13]}, "faces": {
				"north": {"uv": [3, 1, 11, 2], "texture": "#0"},
				"east": {"uv": [2, 1, 4, 2], "texture": "#0"},
				"south": {"uv": [3, 1, 11, 2], "texture": "#0"},
				"west": {"uv": [6, 2, 8, 3], "texture": "#0"},
				"up": {"uv": [3, 0, 11, 2], "texture": "#0"},
				"down": {"uv": [3, 4, 11, 6], "texture": "#0"}
			}},
		{
			"name": "BackSide", "from": [6, 21.25, 12.25], "to": [10, 22.75, 13.75], "rotation": {"angle": 0, "axis": "z", "origin": [7, 22, 13]}, "faces": {
				"north": {"uv": [8, 3.25, 12, 4.75], "texture": "#0"},
				"east": {"uv": [3.25, 1.25, 4.75, 2.75], "texture": "#0"},
				"south": {"uv": [5, 3.25, 9, 4.75], "texture": "#0"},
				"west": {"uv": [4.25, 3.25, 5.75, 4.75], "texture": "#0"},
				"up": {"uv": [5, 3.25, 9, 4.75], "texture": "#0"},
				"down": {"uv": [3, 4.25, 7, 5.75], "texture": "#0"}
			}},
		{
			"name": "BackSide", "from": [10, 21, 12], "to": [13, 22, 14], "rotation": {"angle": 0, "axis": "y", "origin": [13, 20, 13]}, "faces": {
				"north": {"uv": [3, 2, 6, 3], "texture": "#0"},
				"east": {"uv": [3, 2, 5, 3], "texture": "#0"},
				"south": {"uv": [3, 2, 6, 3], "texture": "#0"},
				"west": {"uv": [3, 2, 5, 3], "texture": "#0"},
				"up": {"uv": [3, 2, 6, 4], "texture": "#0"},
				"down": {"uv": [3, 4, 6, 6], "texture": "#0"}
			}},
		{
			"name": "BackSide", "from": [11, 20, 12], "to": [12, 21, 14], "rotation": {"angle": 0, "axis": "y", "origin": [13, 19, 13]}, "faces": {
				"north": {"uv": [8, 3, 9, 4], "texture": "#0"},
				"east": {"uv": [6, 5, 8, 6], "texture": "#0"},
				"south": {"uv": [1, 7, 2, 8], "texture": "#0"},
				"west": {"uv": [9, 3, 11, 4], "texture": "#0"},
				"down": {"uv": [3, 4, 4, 6], "texture": "#0"}
			}},
		{
			"name": "BackSide", "from": [4, 20, 12], "to": [5, 21, 14], "rotation": {"angle": 0, "axis": "y", "origin": [6, 19, 13]}, "faces": {
				"north": {"uv": [12, 3, 13, 4], "texture": "#0"},
				"east": {"uv": [4, 7, 6, 8], "texture": "#0"},
				"south": {"uv": [3, 7, 4, 8], "texture": "#0"},
				"west": {"uv": [9, 3, 11, 4], "texture": "#0"},
				"down": {"uv": [3, 4, 4, 6], "texture": "#0"}
			}},
		{
			"name": "BackSide", "from": [4, 13, 12], "to": [5, 14, 14], "rotation": {"angle": 0, "axis": "y", "origin": [6, 12, 13]}, "faces": {
				"north": {"uv": [4, 5, 5, 6], "texture": "#0"},
				"east": {"uv": [6, 9, 8, 10], "texture": "#0"},
				"south": {"uv": [6, 14, 7, 15], "texture": "#0"},
				"west": {"uv": [9, 3, 11, 4], "texture": "#0"},
				"up": {"uv": [0, 0, 1, 2], "texture": "#0"}
			}},
		{
			"name": "BackSide", "from": [11, 13, 12], "to": [12, 14, 14], "rotation": {"angle": 0, "axis": "y", "origin": [13, 12, 13]}, "faces": {
				"north": {"uv": [3, 5, 4, 6], "texture": "#0"},
				"east": {"uv": [6, 5, 8, 6], "texture": "#0"},
				"south": {"uv": [4, 14, 5, 15], "texture": "#0"},
				"west": {"uv": [4, 13, 6, 14], "texture": "#0"},
				"up": {"uv": [0, 0, 1, 2], "texture": "#0"}
			}},
		{
			"name": "Arms", "from": [12.25, 10, 3.25], "to": [13.75, 13, 4.75], "rotation": {"angle": 0, "axis": "y", "origin": [12.75, 13, 4]}, "faces": {
				"north": {"uv": [2.25, 11, 3.75, 14], "texture": "#0"},
				"east": {"uv": [1.25, 11, 2.75, 14], "texture": "#0"},
				"south": {"uv": [0.25, 11, 1.75, 14], "texture": "#0"},
				"west": {"uv": [3.25, 11, 4.75, 14], "texture": "#0"}
			}},
		{
			"name": "Arms", "from": [2.25, 10, 3.25], "to": [3.75, 13, 4.75], "rotation": {"angle": 0, "axis": "y", "origin": [2.75, 13, 4]}, "faces": {
				"north": {"uv": [2.25, 7, 3.75, 10], "texture": "#0"},
				"east": {"uv": [1.25, 7, 2.75, 10], "texture": "#0"},
				"south": {"uv": [4.25, 7, 5.75, 10], "texture": "#0"},
				"west": {"uv": [3.25, 7, 4.75, 10], "texture": "#0"}
			}},
		{
			"name": "Arms", "from": [12, 13, 2], "to": [14, 14, 12], "rotation": {"angle": 0, "axis": "y", "origin": [13, 13.5, 4]}, "faces": {
				"north": {"uv": [2, 3, 4, 4], "texture": "#0"},
				"east": {"uv": [5, 3, 6, 13], "rotation": 90, "texture": "#0"},
				"south": {"uv": [10, 11, 12, 12], "texture": "#0"},
				"west": {"uv": [5, 2, 6, 12], "rotation": 90, "texture": "#0"},
				"up": {"uv": [3, 3, 5, 13], "texture": "#0"},
				"down": {"uv": [2, 3, 4, 13], "rotation": 180, "texture": "#0"}
			}},
		{
			"name": "Arms", "from": [12, 14, 2], "to": [14, 15, 4], "rotation": {"angle": 0, "axis": "y", "origin": [13, 14.5, -3]}, "faces": {
				"north": {"uv": [4, 3, 6, 4], "texture": "#0"},
				"east": {"uv": [5, 3, 6, 5], "rotation": 90, "texture": "#0"},
				"south": {"uv": [10, 10, 12, 11], "texture": "#0"},
				"west": {"uv": [5, 2, 6, 4], "rotation": 90, "texture": "#0"},
				"up": {"uv": [3, 3, 5, 5], "texture": "#0"}
			}},
		{
			"name": "Arms", "from": [2, 14, 2], "to": [4, 15, 4], "rotation": {"angle": 0, "axis": "y", "origin": [3, 14.5, -3]}, "faces": {
				"north": {"uv": [7, 3, 9, 4], "texture": "#0"},
				"east": {"uv": [5, 3, 6, 5], "rotation": 90, "texture": "#0"},
				"south": {"uv": [7, 6, 9, 7], "texture": "#0"},
				"west": {"uv": [8, 2, 9, 4], "rotation": 90, "texture": "#0"},
				"up": {"uv": [2, 3, 4, 5], "texture": "#0"}
			}},
		{
			"name": "Arms", "from": [12, 14, 11], "to": [14, 15, 12], "rotation": {"angle": 0, "axis": "y", "origin": [13, 14.5, 5]}, "faces": {
				"north": {"uv": [4, 5, 6, 6], "texture": "#0"},
				"east": {"uv": [4, 2, 5, 3], "rotation": 90, "texture": "#0"},
				"west": {"uv": [5, 2, 6, 3], "rotation": 90, "texture": "#0"},
				"up": {"uv": [12, 6, 14, 7], "texture": "#0"}
			}},
		{
			"name": "Arms", "from": [2, 14, 11], "to": [4, 15, 12], "rotation": {"angle": 0, "axis": "y", "origin": [3, 14.5, 5]}, "faces": {
				"north": {"uv": [5, 13, 7, 14], "texture": "#0"},
				"east": {"uv": [6, 2, 7, 3], "rotation": 90, "texture": "#0"},
				"west": {"uv": [6, 2, 7, 3], "rotation": 90, "texture": "#0"},
				"up": {"uv": [12, 6, 14, 7], "texture": "#0"}
			}},
		{
			"name": "Arms", "from": [2, 13, 2], "to": [4, 14, 12], "rotation": {"angle": 0, "axis": "y", "origin": [3, 13.5, 4]}, "faces": {
				"north": {"uv": [5, 3, 7, 4], "texture": "#0"},
				"east": {"uv": [4, 3, 5, 13], "rotation": 90, "texture": "#0"},
				"south": {"uv": [10, 11, 12, 12], "texture": "#0"},
				"west": {"uv": [6, 2, 7, 12], "rotation": 90, "texture": "#0"},
				"up": {"uv": [7, 3, 9, 13], "texture": "#0"},
				"down": {"uv": [5, 3, 7, 13], "rotation": 180, "texture": "#0"}
			}},
		{
			"name": "Beam", "from": [12.5, 0, 4], "to": [13.5, 1, 12], "rotation": {"angle": 0, "axis": "y", "origin": [8, 7.75, 8]}, "faces": {
				"east": {"uv": [6, 6, 7, 14], "rotation": 90, "texture": "#0"},
				"west": {"uv": [3, 5, 4, 13], "rotation": 90, "texture": "#0"},
				"up": {"uv": [7.5, 6, 8.5, 14], "texture": "#0"},
				"down": {"uv": [6, 5, 7, 13], "texture": "#0"}
			}},
		{
			"name": "Beam", "from": [2.5, 0, 4], "to": [3.5, 1, 12], "rotation": {"angle": 0, "axis": "y", "origin": [8.25, 7.75, 8]}, "faces": {
				"east": {"uv": [3, 6, 4, 14], "rotation": 90, "texture": "#0"},
				"west": {"uv": [5, 1, 6, 9], "rotation": 90, "texture": "#0"},
				"up": {"uv": [5, 1, 6, 9], "rotation": 180, "texture": "#0"},
				"down": {"uv": [6, 1, 7, 9], "texture": "#0"}
			}},
		{
			"name": "Beam", "from": [3.5, 0, 8], "to": [12.5, 1, 9], "rotation": {"angle": 0, "axis": "y", "origin": [8, 7.75, 8.75]}, "faces": {
				"north": {"uv": [1, 5, 10, 6], "texture": "#0"},
				"south": {"uv": [5, 5, 14, 6], "texture": "#0"},
				"up": {"uv": [5, 6, 14, 7], "texture": "#0"},
				"down": {"uv": [5, 5, 14, 6], "texture": "#0"}
			}}
	],
	"display": {
		"thirdperson_righthand": {
			"rotation": [45, 0, 0], "translation": [0, 1, 0], "scale": [0.35, 0.35, 0.35]
		},
		"thirdperson_lefthand": {
			"rotation": [45, 0, 0], "translation": [0, 1, 0], "scale": [0.35, 0.35, 0.35]
		},
		"firstperson_righthand": {
			"rotation": [-10, 15, 0], "translation": [1, 0, 0], "scale": [0.4, 0.4, 0.4]
		},
		"firstperson_lefthand": {
			"rotation": [-10, 15, 0], "translation": [1, 0, 0], "scale": [0.4, 0.4, 0.4]
		},
		"ground": {
			"translation": [0, 1, 0], "scale": [0.3, 0.3, 0.3]
		},
		"gui": {
			"rotation": [35, -135, 0], "translation": [0, -1.5, 0], "scale": [0.5, 0.5, 0.5]
		},
		"head": {
			"rotation": [0, 90, 0], "translation": [0, -46, 0], "scale": [2.3, 2.3, 2.3]
		},
		"fixed": {
			"translation": [0, -3.5, -4.1], "scale": [0.8, 0.8, 0.8]
		}
	}
}