{
		"textures": {"0": "block/birch_planks"
	},
	"elements": [{
			"name": "leg",
			"from": [0, 9, 0],
			"to": [3, 13, 3],
			"rotation": {"angle": 0, "axis": "y", "origin": [-4.25, 19.25, -4.25]},
			"faces": {
				"north": {"uv": [13, 3, 16, 7], "texture": "#0"},
				"east": {"uv": [2, 3, 5, 7], "texture": "#0"},
				"south": {"uv": [10, 3, 13, 7], "texture": "#0"},
				"west": {"uv": [0, 3, 3, 7], "texture": "#0"},
				"down": {"uv": [7, 4, 10, 7], "texture": "#0"}
			}},
		{
			"name": "leg",
			"from": [0.5, 1, 0.5],
			"to": [2.5, 10, 2.5],
			"rotation": {"angle": 0, "axis": "y", "origin": [-4.25, 7.25, -4.25]},
			"faces": {
				"north": {"uv": [5, 6, 7, 15], "texture": "#0"},
				"east": {"uv": [3, 6, 5, 15], "texture": "#0"},
				"south": {"uv": [9, 6, 11, 15], "texture": "#0"},
				"west": {"uv": [7, 6, 9, 15], "texture": "#0"}
			}},
		{
			"name": "leg",
			"from": [0, 0, 0],
			"to": [3, 1, 3],
			"rotation": {"angle": 0, "axis": "y", "origin": [-4.25, 8.25, -4.25]},
			"faces": {
				"north": {"uv": [13, 15, 16, 16], "texture": "#0"},
				"east": {"uv": [10, 15, 13, 16], "texture": "#0"},
				"south": {"uv": [3, 15, 6, 16], "texture": "#0"},
				"west": {"uv": [0, 15, 3, 16], "texture": "#0"},
				"up": {"uv": [3, 4, 6, 7], "texture": "#0"},
				"down": {"uv": [0, 12, 3, 15], "texture": "#0"}
			}},
		{
			"name": "Beam",
			"from": [3, 12, 0.5],
			"to": [16, 13, 2.5],
			"rotation": {"angle": 0, "axis": "y", "origin": [6.75, 10.25, -4.25]},
			"faces": {
				"north": {"uv": [0, 3, 13, 4], "texture": "#0"},
				"east": {"uv": [7, 5, 9, 6], "texture": "#0"},
				"south": {"uv": [3, 3, 16, 4], "texture": "#0"},
				"west": {"uv": [13, 5, 15, 6], "texture": "#0"},
				"down": {"uv": [0, 6, 13, 8], "texture": "#0"}
			}},
		{
			"name": "Beam",
			"from": [3, 10, 0.5],
			"to": [5, 11, 2.5],
			"rotation": {"angle": 0, "axis": "y", "origin": [-1.25, 8.25, -4.25]},
			"faces": {
				"north": {"uv": [11, 5, 13, 6], "texture": "#0"},
				"east": {"uv": [7, 5, 9, 6], "texture": "#0"},
				"south": {"uv": [3, 5, 5, 6], "texture": "#0"},
				"west": {"uv": [4, 5, 6, 6], "texture": "#0"},
				"up": {"uv": [5, 4, 7, 6], "texture": "#0"},
				"down": {"uv": [3, 5, 5, 7], "texture": "#0"}
			}},
		{
			"name": "Beam",
			"from": [5, 11, 0.5],
			"to": [7, 12, 2.5],
			"rotation": {"angle": 0, "axis": "y", "origin": [0.75, 9.25, -4.25]},
			"faces": {
				"north": {"uv": [9, 4, 11, 5], "texture": "#0"},
				"east": {"uv": [7, 5, 9, 6], "texture": "#0"},
				"south": {"uv": [5, 4, 7, 5], "texture": "#0"},
				"west": {"uv": [13, 5, 15, 6], "texture": "#0"},
				"down": {"uv": [8, 4, 10, 6], "texture": "#0"}
			}},
		{
			"name": "Beam",
			"from": [0.5, 12, 3],
			"to": [2.5, 13, 16],
			"rotation": {"angle": 0, "axis": "y", "origin": [1.5, 11.3, 8]},
			"faces": {
				"north": {"uv": [13, 5, 15, 6], "texture": "#0"},
				"east": {"uv": [0, 3, 13, 4], "texture": "#0"},
				"south": {"uv": [7, 5, 9, 6], "texture": "#0"},
				"west": {"uv": [3, 3, 16, 4], "texture": "#0"},
				"down": {"uv": [3, 3, 16, 5], "rotation": 270, "texture": "#0"}
			}},
		{
			"name": "Beam",
			"from": [0.5, 10, 3],
			"to": [2.5, 11, 5],
			"rotation": {"angle": 0, "axis": "y", "origin": [1.5, 11.3, 8]},
			"faces": {
				"north": {"uv": [4, 5, 6, 6], "texture": "#0"},
				"east": {"uv": [11, 5, 13, 6], "texture": "#0"},
				"south": {"uv": [7, 5, 9, 6], "texture": "#0"},
				"west": {"uv": [3, 5, 5, 6], "texture": "#0"},
				"up": {"uv": [5, 4, 7, 6], "rotation": 90, "texture": "#0"},
				"down": {"uv": [3, 5, 5, 7], "rotation": 270, "texture": "#0"}
			}},
		{
			"name": "Beam",
			"from": [0.5, 11, 5],
			"to": [2.5, 12, 7],
			"rotation": {"angle": 0, "axis": "y", "origin": [1.5, 11.3, 8]},
			"faces": {
				"north": {"uv": [13, 5, 15, 6], "texture": "#0"},
				"east": {"uv": [9, 4, 11, 5], "texture": "#0"},
				"south": {"uv": [7, 5, 9, 6], "texture": "#0"},
				"west": {"uv": [5, 4, 7, 5], "texture": "#0"},
				"down": {"uv": [8, 3, 10, 5], "rotation": 270, "texture": "#0"}
			}}
	],
	"display": {
		"thirdperson_righthand": {
			"rotation": [45, 0, 0],
			"translation": [0, 1, 0],
			"scale": [0.35, 0.35, 0.35]
		},
		"thirdperson_lefthand": {
			"rotation": [45, 0, 0],
			"translation": [0, 1, 0],
			"scale": [0.35, 0.35, 0.35]
		},
		"firstperson_righthand": {
			"rotation": [-10, 15, 0],
			"translation": [1, 0, 0],
			"scale": [0.4, 0.4, 0.4]
		},
		"firstperson_lefthand": {
			"rotation": [-10, 15, 0],
			"translation": [1, 0, 0],
			"scale": [0.4, 0.4, 0.4]
		},
		"ground": {
			"translation": [0, 1, 0],
			"scale": [0.3, 0.3, 0.3]
		},
		"gui": {
			"rotation": [35, -135, 0],
			"translation": [0, -2, 0],
			"scale": [0.5, 0.5, 0.5]
		},
		"head": {
			"translation": [0, -32.9, 0],
			"scale": [2.289, 2.289, 2.289]
		},
		"fixed": {
			"scale": [0.8, 0.8, 0.8]
		}
	}
}