{
		"textures": {"0": "block/spruce_planks"
	},
	"elements": [{
			"name": "leg",
			"from": [0, 9, 0],
			"to": [3, 13, 3],
			"rotation": {"angle": 0, "axis": "y", "origin": [1.5, 5.83333, 1.5]},
			"faces": {
				"north": {"uv": [13, 3, 16, 7], "texture": "#0"},
				"east": {"uv": [10, 3, 13, 7], "texture": "#0"},
				"south": {"uv": [3, 3, 6, 7], "texture": "#0"},
				"west": {"uv": [0, 3, 3, 7], "texture": "#0"},
				"down": {"uv": [0, 4, 3, 7], "rotation": 270, "texture": "#0"}
			}},
		{
			"name": "leg",
			"from": [0.5, 2, 0.5],
			"to": [2.5, 9, 2.5],
			"rotation": {"angle": 0, "axis": "y", "origin": [1.5, 5.83333, 1.5]},
			"faces": {
				"north": {"uv": [2, 7, 4, 14], "texture": "#0"},
				"east": {"uv": [0, 7, 2, 14], "texture": "#0"},
				"south": {"uv": [6, 7, 8, 14], "texture": "#0"},
				"west": {"uv": [4, 7, 6, 14], "texture": "#0"}
			}},
		{
			"name": "leg",
			"from": [0, 0, 0],
			"to": [3, 2, 3],
			"rotation": {"angle": 0, "axis": "y", "origin": [1.5, 5.83333, 1.5]},
			"faces": {
				"north": {"uv": [1, 6, 4, 8], "texture": "#0"},
				"east": {"uv": [12, 6, 15, 8], "texture": "#0"},
				"south": {"uv": [8, 6, 11, 8], "texture": "#0"},
				"west": {"uv": [4, 6, 7, 8], "texture": "#0"},
				"up": {"uv": [2, 4, 5, 7], "rotation": 90, "texture": "#0"},
				"down": {"uv": [0, 4, 3, 7], "rotation": 270, "texture": "#0"}
			}},
		{
			"name": "Beam",
			"from": [3, 12, 1],
			"to": [16, 13, 3],
			"rotation": {"angle": 0, "axis": "y", "origin": [8, 11.83333, 1.33333]},
			"faces": {
				"north": {"uv": [0, 3, 13, 4], "texture": "#0"},
				"east": {"uv": [14, 3, 16, 4], "texture": "#0"},
				"south": {"uv": [3, 3, 16, 4], "texture": "#0"},
				"down": {"uv": [0, 4, 13, 6], "rotation": 180, "texture": "#0"}
			}},
		{
			"name": "Beam",
			"from": [3, 11, 1],
			"to": [4, 12, 2],
			"rotation": {"angle": 0, "axis": "y", "origin": [8, 11.5, 7.58333]},
			"faces": {
				"north": {"uv": [12, 4, 13, 5], "texture": "#0"},
				"east": {"uv": [4, 5, 5, 6], "texture": "#0"},
				"south": {"uv": [4, 5, 5, 6], "texture": "#0"},
				"west": {"uv": [4, 5, 5, 6], "texture": "#0"},
				"down": {"uv": [12, 5, 13, 6], "rotation": 180, "texture": "#0"}
			}},
		{
			"name": "Beam",
			"from": [1, 12, 3],
			"to": [3, 13, 16],
			"rotation": {"angle": 0, "axis": "y", "origin": [8, 12, 8]},
			"faces": {
				"east": {"uv": [0, 3, 13, 4], "texture": "#0"},
				"south": {"uv": [0, 3, 2, 4], "texture": "#0"},
				"west": {"uv": [3, 3, 16, 4], "texture": "#0"},
				"down": {"uv": [0, 4, 13, 6], "rotation": 270, "texture": "#0"}
			}},
		{
			"name": "Beam",
			"from": [1, 11, 3],
			"to": [2, 12, 4],
			"rotation": {"angle": 0, "axis": "y", "origin": [8, 12, 8]},
			"faces": {
				"north": {"uv": [4, 5, 5, 6], "texture": "#0"},
				"east": {"uv": [4, 5, 5, 6], "texture": "#0"},
				"south": {"uv": [4, 5, 5, 6], "texture": "#0"},
				"west": {"uv": [4, 5, 5, 6], "texture": "#0"},
				"down": {"uv": [4, 5, 5, 6], "rotation": 270, "texture": "#0"}
			}}
	],
	"display": {
		"thirdperson_righthand": {
			"rotation": [45, 0, 0],
			"translation": [0, 1, 0],
			"scale": [0.35, 0.35, 0.35]
		},
		"thirdperson_lefthand": {
			"rotation": [45, 0, 0],
			"translation": [0, 1, 0],
			"scale": [0.35, 0.35, 0.35]
		},
		"firstperson_righthand": {
			"rotation": [-10, 15, 0],
			"translation": [1, 0, 0],
			"scale": [0.4, 0.4, 0.4]
		},
		"firstperson_lefthand": {
			"rotation": [-10, 15, 0],
			"translation": [1, 0, 0],
			"scale": [0.4, 0.4, 0.4]
		},
		"ground": {
			"translation": [0, 1, 0],
			"scale": [0.3, 0.3, 0.3]
		},
		"gui": {
			"rotation": [35, -135, 0],
			"translation": [0, -1, 0],
			"scale": [0.5, 0.5, 0.5]
		},
		"head": {
			"translation": [0, -32.9, 0],
			"scale": [2.289, 2.289, 2.289]
		},
		"fixed": {
			"scale": [0.8, 0.8, 0.8]
		}
	}
}