{
		"textures": {"2": "block/red_shulker_box"
	},
	"elements": [{
			"name": "Side", "from": [4, 0, 10], "to": [6, 1, 11], "rotation": {"angle": 0, "axis": "y", "origin": [8, 0.5, 8]}, "faces": {
				"up": {"uv": [13, 14, 15, 15], "texture": "#2"}
			}},
		{
			"name": "Side", "from": [10, 0, 10], "to": [12, 1, 11], "rotation": {"angle": 0, "axis": "y", "origin": [8, 0.5, 8]}, "faces": {
				"up": {"uv": [13, 14, 15, 15], "texture": "#2"}
			}},
		{
			"name": "middle", "from": [6, 0, 5], "to": [10, 1, 9], "rotation": {"angle": 0, "axis": "y", "origin": [8, 0.5, 8]}, "faces": {
				"up": {"uv": [6, 6, 10, 10], "rotation": 180, "texture": "#2"}
			}},
		{
			"name": "Side", "from": [10, 0, 5], "to": [13, 1, 9], "rotation": {"angle": 0, "axis": "y", "origin": [8, 0.5, 8]}, "faces": {
				"up": {"uv": [13, 4, 16, 8], "texture": "#2"}
			}},
		{
			"name": "Side", "from": [6, 0, 2], "to": [10, 1, 5], "rotation": {"angle": 0, "axis": "y", "origin": [8, 0.5, 8]}, "faces": {
				"up": {"uv": [8, 13, 12, 16], "rotation": 180, "texture": "#2"}
			}},
		{
			"name": "Side", "from": [3, 0, 5], "to": [6, 1, 9], "rotation": {"angle": 0, "axis": "y", "origin": [8, 0.5, 8]}, "faces": {
				"up": {"uv": [13, 4, 16, 8], "rotation": 180, "texture": "#2"}
			}},
		{
			"name": "Side", "from": [2, 4, 4], "to": [4, 5, 11], "rotation": {"angle": 0, "axis": "y", "origin": [7, 4.5, 9]}, "faces": {
				"up": {"uv": [14, 4, 16, 11], "rotation": 180, "texture": "#2"}
			}},
		{
			"name": "Side", "from": [12, 4, 4], "to": [14, 5, 11], "rotation": {"angle": 0, "axis": "y", "origin": [17, 4.5, 9]}, "faces": {
				"up": {"uv": [14, 5, 16, 12], "texture": "#2"}
			}},
		{
			"name": "Side", "from": [6, 0, 9], "to": [10, 1, 11], "rotation": {"angle": 0, "axis": "y", "origin": [8, 0.5, 8]}, "faces": {
				"up": {"uv": [8, 13, 12, 15], "texture": "#2"}
			}},
		{
			"name": "Corner", "from": [10, 0, 2], "to": [13, 1, 5], "rotation": {"angle": 0, "axis": "y", "origin": [8, 0.5, 8]}, "faces": {
				"up": {"uv": [13, 13, 16, 16], "rotation": 270, "texture": "#2"}
			}},
		{
			"name": "Corner", "from": [3, 0, 9], "to": [6, 1, 10], "rotation": {"angle": 0, "axis": "y", "origin": [8, 0.5, 8]}, "faces": {
				"up": {"uv": [13, 2, 16, 3], "rotation": 180, "texture": "#2"}
			}},
		{
			"name": "Corner", "from": [3, 0, 2], "to": [6, 1, 5], "rotation": {"angle": 0, "axis": "y", "origin": [8, 0.5, 8]}, "faces": {
				"up": {"uv": [13, 13, 16, 16], "rotation": 180, "texture": "#2"}
			}},
		{
			"name": "Corner", "from": [10, 0, 9], "to": [13, 1, 10], "rotation": {"angle": 0, "axis": "y", "origin": [8, 0.5, 8]}, "faces": {
				"up": {"uv": [13, 13, 16, 14], "texture": "#2"}
			}},
		{
			"name": "Side", "from": [6, 10, 1.5], "to": [10, 13, 2.5], "rotation": {"angle": 0, "axis": "x", "origin": [8, 7, 2]}, "faces": {
				"south": {"uv": [8, 13, 12, 16], "rotation": 180, "texture": "#2"}
			}},
		{
			"name": "Side", "from": [10, 3, 1.5], "to": [12, 4, 2.5], "rotation": {"angle": 0, "axis": "x", "origin": [8, 7, 2]}, "faces": {
				"south": {"uv": [13, 15, 15, 16], "rotation": 180, "texture": "#2"}
			}},
		{
			"name": "Side", "from": [10, 12, 1.5], "to": [12, 13, 2.5], "rotation": {"angle": 0, "axis": "x", "origin": [8, 15, 2]}, "faces": {
				"south": {"uv": [13, 15, 15, 16], "rotation": 180, "texture": "#2"}
			}},
		{
			"name": "Side", "from": [4, 3, 1.5], "to": [6, 4, 2.5], "rotation": {"angle": 0, "axis": "x", "origin": [8, 7, 2]}, "faces": {
				"south": {"uv": [13, 15, 15, 16], "rotation": 180, "texture": "#2"}
			}},
		{
			"name": "Side", "from": [4, 12, 1.5], "to": [6, 13, 2.5], "rotation": {"angle": 0, "axis": "x", "origin": [8, 15, 2]}, "faces": {
				"south": {"uv": [13, 15, 15, 16], "rotation": 180, "texture": "#2"}
			}},
		{
			"name": "middle", "from": [6, 6, 1.5], "to": [10, 10, 2.5], "rotation": {"angle": 0, "axis": "x", "origin": [8, 8, 2]}, "faces": {
				"south": {"uv": [6, 6, 10, 10], "rotation": 180, "texture": "#2"}
			}},
		{
			"name": "Side", "from": [10, 6, 1.5], "to": [13, 10, 2.5], "rotation": {"angle": 0, "axis": "x", "origin": [8, 8, 2]}, "faces": {
				"south": {"uv": [13, 4, 16, 8], "texture": "#2"}
			}},
		{
			"name": "Side", "from": [3, 6, 1.5], "to": [6, 10, 2.5], "rotation": {"angle": 0, "axis": "x", "origin": [8, 8, 2]}, "faces": {
				"south": {"uv": [13, 4, 16, 8], "rotation": 180, "texture": "#2"}
			}},
		{
			"name": "Side", "from": [6, 3, 1.5], "to": [10, 6, 2.5], "rotation": {"angle": 0, "axis": "x", "origin": [8, 7, 2]}, "faces": {
				"south": {"uv": [8, 13, 12, 16], "texture": "#2"}
			}},
		{
			"name": "Corner", "from": [10, 10, 1.5], "to": [13, 12, 2.5], "rotation": {"angle": 0, "axis": "x", "origin": [8, 7, 2]}, "faces": {
				"south": {"uv": [13, 13, 15, 16], "rotation": 270, "texture": "#2"}
			}},
		{
			"name": "Corner", "from": [3, 4, 1.5], "to": [6, 6, 2.5], "rotation": {"angle": 0, "axis": "x", "origin": [8, 7, 2]}, "faces": {
				"south": {"uv": [13, 1, 16, 3], "rotation": 180, "texture": "#2"}
			}},
		{
			"name": "Corner", "from": [3, 10, 1.5], "to": [6, 12, 2.5], "rotation": {"angle": 0, "axis": "x", "origin": [8, 7, 2]}, "faces": {
				"south": {"uv": [13, 13, 16, 15], "rotation": 180, "texture": "#2"}
			}},
		{
			"name": "Corner", "from": [10, 4, 1.5], "to": [13, 6, 2.5], "rotation": {"angle": 0, "axis": "x", "origin": [8, 7, 2]}, "faces": {
				"south": {"uv": [13, 13, 16, 15], "texture": "#2"}
			}}
	],
	"display": {
		"thirdperson_righthand": {
			"scale": [0.85, 0.85, 0.85]
		},
		"thirdperson_lefthand": {
			"rotation": [90, 90, 0], "translation": [-3.93, -2, -5.29], "scale": [2.01, 2.01, 2.01]
		},
		"firstperson_lefthand": {
			"scale": [0.2, 0.2, 0.2]
		},
		"gui": {
			"rotation": [30, 35, 0], "translation": [0, -4, 0], "scale": [0.5, 0.5, 0.5]
		},
		"head": {
			"rotation": [0, 90, 0], "translation": [0, -29.5, 0], "scale": [2.3, 2.3, 2.3]
		},
		"fixed": {
			"translation": [0, -4, 0], "scale": [0.5, 0.5, 0.5]
		}
	}
}