{
		"textures": {"1": "block/white_concrete_powder",
		"2": "block/white_shulker_box",
		"particle": "block/white_concrete_powder"
	},
	"elements": [{
			"name": "Seat", "from": [3, -1, 2], "to": [13, 0, 12], "rotation": {"angle": 0, "axis": "y", "origin": [8, -2.75, 7]}, "faces": {
				"north": {"uv": [3, 6, 13, 7], "texture": "#1"},
				"east": {"uv": [2, 1, 12, 2], "texture": "#1"},
				"south": {"uv": [2, 8, 12, 9], "texture": "#1"},
				"west": {"uv": [3, 5, 13, 6], "texture": "#1"},
				"up": {"uv": [0, 3, 10, 13], "texture": "#1"},
				"down": {"uv": [1, 0, 11, 10], "texture": "#1"}
			}},
		{
			"name": "Seat", "from": [6, 0, 5], "to": [10, 1, 9], "rotation": {"angle": 0, "axis": "y", "origin": [8, 0.5, 7]}, "faces": {
				"north": {"uv": [3, 6, 7, 7], "texture": "#2"},
				"east": {"uv": [2, 1, 6, 2], "texture": "#2"},
				"south": {"uv": [2, 8, 6, 9], "texture": "#2"},
				"west": {"uv": [3, 5, 7, 6], "texture": "#2"},
				"up": {"uv": [6, 6, 10, 10], "texture": "#2"},
				"down": {"uv": [1, 0, 5, 4], "texture": "#2"}
			}},
		{
			"from": [3, 0, 5], "to": [6, 1, 9], "rotation": {"angle": 0, "axis": "y", "origin": [8, 1, 7]}, "faces": {
				"west": {"uv": [0, 0, 4, 1], "texture": "#2"},
				"up": {"uv": [0, 8, 3, 12], "texture": "#2"},
				"down": {"uv": [0, 0, 3, 4], "texture": "#2"}
			}},
		{
			"from": [6, 0, 9], "to": [10, 1, 12], "rotation": {"angle": 0, "axis": "y", "origin": [8, 1, 7]}, "faces": {
				"south": {"uv": [0, 0, 4, 1], "texture": "#2"},
				"up": {"uv": [4, 13, 8, 16], "texture": "#2"},
				"down": {"uv": [0, 0, 3, 4], "rotation": 90, "texture": "#2"}
			}},
		{
			"from": [3, 0, 9], "to": [6, 1, 12], "rotation": {"angle": 0, "axis": "y", "origin": [8, 1, 7]}, "faces": {
				"south": {"uv": [0, 0, 3, 1], "texture": "#2"},
				"west": {"uv": [13, 0, 16, 1], "texture": "#2"},
				"up": {"uv": [0, 13, 3, 16], "texture": "#2"},
				"down": {"uv": [0, 0, 3, 3], "rotation": 90, "texture": "#2"}
			}},
		{
			"from": [10, 0, 2], "to": [13, 1, 5], "rotation": {"angle": 0, "axis": "y", "origin": [8, 1, 7]}, "faces": {
				"north": {"uv": [0, 0, 3, 1], "texture": "#2"},
				"east": {"uv": [13, 0, 16, 1], "texture": "#2"},
				"up": {"uv": [0, 13, 3, 16], "rotation": 180, "texture": "#2"},
				"down": {"uv": [0, 0, 3, 3], "rotation": 270, "texture": "#2"}
			}},
		{
			"from": [3, 0, 2], "to": [6, 1, 5], "rotation": {"angle": 0, "axis": "y", "origin": [8, 1, 7]}, "faces": {
				"north": {"uv": [13, 0, 16, 1], "texture": "#2"},
				"west": {"uv": [0, 0, 3, 1], "texture": "#2"},
				"up": {"uv": [0, 13, 3, 16], "rotation": 90, "texture": "#2"},
				"down": {"uv": [0, 0, 3, 3], "texture": "#2"}
			}},
		{
			"from": [10, 0, 9], "to": [13, 1, 12], "rotation": {"angle": 0, "axis": "y", "origin": [8, 1, 7]}, "faces": {
				"east": {"uv": [0, 0, 3, 1], "texture": "#2"},
				"south": {"uv": [13, 0, 16, 1], "texture": "#2"},
				"up": {"uv": [0, 13, 3, 16], "rotation": 270, "texture": "#2"},
				"down": {"uv": [0, 0, 3, 3], "rotation": 180, "texture": "#2"}
			}},
		{
			"from": [10, 0, 5], "to": [13, 1, 9], "rotation": {"angle": 0, "axis": "y", "origin": [8, 1, 7]}, "faces": {
				"east": {"uv": [0, 0, 4, 1], "texture": "#2"},
				"up": {"uv": [13, 8, 16, 12], "texture": "#2"},
				"down": {"uv": [0, 0, 3, 4], "rotation": 180, "texture": "#2"}
			}},
		{
			"from": [6, 0, 2], "to": [10, 1, 5], "rotation": {"angle": 0, "axis": "y", "origin": [8, 1, 7]}, "faces": {
				"north": {"uv": [0, 0, 4, 1], "texture": "#2"},
				"up": {"uv": [4, 0, 8, 3], "texture": "#2"},
				"down": {"uv": [0, 0, 3, 4], "rotation": 270, "texture": "#2"}
			}}
	],
	"display": {
		"thirdperson_righthand": {
			"scale": [0.85, 0.85, 0.85]
		},
		"thirdperson_lefthand": {
			"rotation": [90, 90, 0], "translation": [-3.93, -2, -4.5], "scale": [2.01, 2.01, 2.01]
		},
		"firstperson_lefthand": {
			"scale": [0.2, 0.2, 0.2]
		},
		"gui": {
			"rotation": [30, 35, 0], "translation": [0, -4, 0], "scale": [0.5, 0.5, 0.5]
		},
		"head": {
			"rotation": [0, 90, 0], "translation": [0, -29.5, 0], "scale": [2.3, 2.3, 2.3]
		},
		"fixed": {
			"translation": [0, -4, 0], "scale": [0.5, 0.5, 0.5]
		}
	}
}